Effectiveness of early <intervention>physiotherapy</intervention> to prevent <condition>lymphoedema</condition> after surgery for breast cancer: randomised, single blinded, clinical trial. To determine the effectiveness of early physiotherapy in reducing the risk of secondary lymphoedema after surgery for breast cancer. Randomised, single blinded, clinical trial. University hospital in Alcalá de Henares, <location>Madrid, Spain</location>. <No-of-participants>120</No-of-participants> women who had breast surgery involving dissection of axillary lymph nodes <duration>between May 2005 and June 2007</duration>. The early physiotherapy group was treated by a physiotherapist with a physiotherapy programme including manual lymph drainage, massage of scar tissue, and progressive active and action assisted shoulder exercises. This group also received an educational strategy. The <control>control group</control> received the educational strategy only. Incidence of clinically significant secondary lymphoedema (>2 cm increase in arm circumference measured at two adjacent points compared with the non-affected arm). <No-of-participants>116</No-of-participants> women completed the one year follow-up. Of these, 18 developed <outcome>secondary lymphoedema</outcome> (16%): <control-value>14</control-value> in the control group (<control-value>25%</control-value>) and <intervention-value>four</intervention-value> in the intervention group (<intervention-value>7%</intervention-value>). The difference was significant (P=0.01); risk ratio 0.28 (95% confidence interval 0.10 to 0.79). A survival analysis showed a significant difference, with <outcome>secondary lymphoedema being diagnosed four times earlier</outcome> in the control group than in the intervention group (intervention/control, hazard ratio 0.26, 95% confidence interval 0.09 to 0.79). Early physiotherapy could be an effective intervention in the prevention of secondary lymphoedema in women for at least one year after surgery for breast cancer involving dissection of axillary lymph nodes. Current controlled trials ISRCTN95870846. 