<intervention>Light treatment</intervention> prevents <condition>fatigue</condition> in women undergoing chemotherapy for breast cancer. Fatigue is one of the most disturbing complaints of cancer patients and is often the reason for discontinuing treatment. This randomized controlled study tested the hypothesis that increased morning bright light, compared to dim light, would result in less fatigue in <eligibility>women with breast cancer undergoing chemotherapy</eligibility>. <No-of-participants>Thirty-nine</No-of-participants> women newly diagnosed with stage I-III breast cancer were randomized to either <intervention>bright white light (BWL)</intervention> or <control>dim red light (DRL)</control> treatment and were instructed to use the light box for 30 min every morning throughout the first four cycles of chemotherapy. The Multidimensional Fatigue Symptom Inventory was administered prior to the start of chemotherapy (baseline), during the chemotherapy treatment week of cycle 1 (C1TW), the last week (recovery week) of cycle 1 (C1RW), the chemotherapy treatment week of cycle 4 (C4TW), and the last week (recovery week) of cycle 4 (C4RW). The DRL group reported <outcome>increased fatigue</outcome> at C1TW (p = 0.003) and C4TW (p &lt; 0.001) compared to baseline, while there was no significant change from baseline in the BWL group. A secondary analysis showed that the <outcome>increases in fatigue levels</outcome> in the DRL group were not mediated through nor associated with changes in sleep or in circadian rhythms as measured with wrist actigraphy. The results of this study suggest that morning bright light treatment may prevent overall fatigue from worsening during chemotherapy. Although our hypothesis that overall fatigue would improve with bright light treatment was not supported, the lack of deterioration in total fatigue scores suggests that bright morning light may be a useful intervention during chemotherapy for breast cancer. 