Rationale and design of the Multidisciplinary Approach to Novel Therapies in Cardiology Oncology Research Trial (MANTICORE 101--Breast): a randomized, placebo-controlled trial to determine if conventional <intervention>heart failure pharmacotherapy</intervention> can prevent <condition>trastuzumab-mediated left ventricular remodeling</condition> among patients with HER2+ early breast cancer using cardiac MRI. MANTICORE 101 - Breast (Multidisciplinary Approach to Novel Therapies in Cardiology Oncology Research) is a randomized trial to determine if conventional heart failure pharmacotherapy (angiotensin converting enzyme inhibitor or beta-blocker) can prevent trastuzumab-mediated left ventricular remodeling, measured with cardiac MRI, among patients with HER2+ early breast cancer. <No-of-participants>One hundred and fifty-nine</No-of-participants> <eligibility>patients with histologically confirmed HER2+ breast cancer</eligibility> will be enrolled in a parallel 3-arm, randomized, placebo controlled, double-blind design. After baseline assessments, participants will be randomized in a 1:1:1 ratio to an <intervention>angiotensin-converting enzyme inhibitor (perindopril)</intervention>, <intervention>beta-blocker (bisoprolol)</intervention>, or <control>placebo</control>. Participants will receive drug or placebo for <duration>1 year</duration> beginning 7 days before trastuzumab therapy. Dosages for all groups will be systematically up-titrated, as tolerated, at 1 week intervals for a total of 3 weeks. The primary objective of this randomized clinical trial is to determine if conventional heart failure pharmacotherapy can prevent trastuzumab-mediated left ventricular remodeling among patients with HER2+ early breast cancer, as measured by <outcome-Measure>12 month change in left ventricular end-diastolic volume</outcome-Measure> using cardiac MRI. Secondary objectives include 1) determine the <outcome-Measure>evolution of left ventricular remodeling on cardiac MRI</outcome-Measure> in patients with HER2+ early breast cancer, 2) understand the mechanism of trastuzumab mediated cardiac toxicity by assessing for the <outcome-Measure>presence of myocardial injury and apoptosis on serum biomarkers and cardiac MRI</outcome-Measure>, and 3) <outcome-Measure>correlate cardiac biomarkers of myocyte injury and extra-cellular matrix remodeling with left ventricular remodeling on cardiac MRI</outcome-Measure> in patients with HER2+ early breast cancer. Cardiac toxicity as a result of cancer therapies is now recognized as a significant health problem of increasing prevalence. To our knowledge, MANTICORE will be the first randomized trial testing proven heart failure pharmacotherapy in the prevention of trastuzumab-mediated cardiotoxicity. We expect the findings of this trial to provide important evidence in the development of guidelines for preventive therapy. ClinicalTrials.gov: NCT01016886. 