Uptake of a randomized breast cancer prevention trial comparing <intervention>letrozole</intervention> to <control>placebo</control> in BRCA1/2 mutations carriers: the LIBER trial. Women with germline BRCA1 or BRCA2 (BRCA1/2) mutations are considered as an extreme risk population for developing breast cancer. Prophylactic mastectomy provides a valid option to reduce such risk, impacting however, the quality of life. Medical prevention by aromatase inhibitor that has also recently shown to have preventive effect may thus be considered as an alternative. LIBER is an ongoing double-blind, randomized phase III trial to evaluate the efficacy of <duration>5-year</duration> letrozole versus placebo to decrease breast cancer incidence in <eligibility>post-menopausal BRCA1/2 mutation carriers</eligibility> (NCT00673335). We present data on the uptake of this trial. We compared characteristics of women in the LIBER trial (n = <No-of-participants>113</No-of-participants>) to those of women enrolled in the prospective ongoing national GENEPSO cohort (n = <No-of-participants>1,505</No-of-participants>). Uptake was evaluated through a survey sent to all active centres, with responses obtained from 17 to the 20 (85%) centres. According to the characteristics of the women enrolled in the GENEPSO cohort and the survey, approximately one-third of BRCA1/2 mutation carriers were eligible for the trial. <No-of-participants>Five hundred and thirty-four</No-of-participants> women eligible from chart review have been informed by mail about the prevention trial and were invited to an oral information by participating centres. Forty-four percentage of them came to the dedicated medical visit. Uptake of drug prevention trial was 32% among women informed orally and 15% of all the eligible women. The main reasons of refusal were: potential side effects, probability to receive the placebo and lack of support from their physicians. Additionally, we noticed that prior prophylactic oophorectomy and previous unilateral breast cancer were more frequent in women enrolled in the LIBER trial than in the French cohort (93% vs. 60% and 50% vs. 39%, respectively). Based on an overall 15% uptake among all eligible subjects, greater and wider information of the trial should be offered to women with BRCA1/2 mutation to improve recruitment. Women with previous unilateral breast cancer or prior prophylactic oophorectomy are more likely to enter a medical prevention trial. 