Longitudinal impact of <intervention>yoga</intervention> on <condition>chemotherapy-related cognitive impairment</condition> and quality of life in women with early stage breast cancer: a case series. Adjuvant chemotherapy for women with breast cancer has significantly improved the cure rate; however, it has been associated with chemotherapy-related cognitive impact (CRCI). The literature provides preliminary support for the feasibility and efficacy of yoga interventions for the general cancer population, however, controlled trials are scarce and no studies have examined the effect of yoga on cognition for women with breast cancer during chemotherapy. This case series aims to identify the impact of yoga on measures of cognition, functional outcomes, and quality of life (QOL) for breast cancer survivors (BCS). <No-of-participants>Four</No-of-participants> <eligibility>women with a diagnosis of early-stage breast cancer prior to chemotherapy treatment</eligibility> were administered the following physiologic measures at baseline, 6, and 12 weeks during chemotherapy, and at one and three months after the conclusion of the study: Functional Reach test (balance) and Sit and Reach test (flexibility), and QOL, POMS (Mood) and FACT-B (QOL), at baseline. Primary outcomes of <outcome-Measure>cognition</outcome-Measure> were measured with the Perceived Cognition Questionnaire (PCQ) and CogState, a computerized measurement of cognition. Women attended an Iyengar-inspired yoga program twice a week for <duration>12 weeks</duration>. Qualitative questionnaires were administered after the completion of the study to determine perceived benefits and challenges of the yoga program. <No-of-participants>Four</No-of-participants> women with Stage II breast cancer ranged in age from <average-age>44-65 years</average-age>. CogState computerized testing showed <outcome>changes in varying domains of cognition</outcome> through treatment and follow-up. <outcome>Improved balance, flexibility, and QOL</outcome> were also noted over time. <outcome>No adverse events</outcome> were observed. Analysis of qualitative data revealed the yoga classes were helpful and subjects continued the practice elements of yoga including relaxation, breathing, and stretching. The most challenging aspect of the study was physical limitations due to various medical complications and included fatigue, decreased range of motion, and pain. This case series suggests that yoga may impact various aspects of cognition during and after chemotherapy administration as noted through quantitative measures. Women describe yoga as improving various domains of QOL through the treatment trajectory. This mind-body intervention may stave off CRCI; however, further investigation is needed for additional randomized controlled trials on the effects of yoga on cognition for women with breast cancer undergoing adjuvant chemotherapy treatment.  