Effect of different doses of <intervention>metformin</intervention> on <condition>serum testosterone</condition> and <condition>insulin</condition> in <eligibility>non-diabetic women with breast cancer</eligibility>: a randomized study. This is a randomized controlled trial to test the effect of different doses of metformin in patients with breast cancer and without diabetes, with the aim of modifying the hormonal and metabolic parameters linked to breast cancer prognosis. Analysis of the results suggest that the dose of 1500 mg/d of metformin causes a significant reduction of insulin and testosterone serum levels. Serum levels of insulin and testosterone may affect both breast cancer (BC) incidence and prognosis. Metformin reduces hyperglycemia and insulin levels in patients with diabetes. In women without diabetes and with polycystic ovary syndrome, metformin lowers both insulin and testosterone levels. Patients with diabetes who are treated with metformin showed a lower risk of cancer; a protective effect of metformin also was observed for BC. Recently, studies on metformin use for prevention or treatment of BC have been proposed in patients who are not diabetic. The aim of the present study was to test the effect of different doses of metformin on serum levels of insulin and testosterone in those <eligibility>postmenopausal patients with breast cancer and without diabetes who have basal testosterone levels ≥0.28 ng/mL</eligibility> (median value). A total of <No-of-participants>125</No-of-participants> eligible women were initially invited to take metformin 500 mg/d for <duration>3 months</duration>. The 108 women who completed the first 3 months were invited to continue the study with metformin 1000 mg/d (500 mg twice a day [b.i.d.]) for 1 month. The women were then randomized into 2 groups, and, for the subsequent 5 months, 1 group increased the dose by taking metformin 1500 mg/d (500 mg 3 times a day [t.i.d.]), and the other group continued with metformin 1000 mg /d (500 [b.i.d.]). A total of <No-of-participants>96</No-of-participants> women completed the study: <intervention-participants>43</intervention-participants> women received 1500 mg/d, and <control-participants>53</control-participants> women received 1000 mg/d. The women who took 1500 mg/d showed a significant reduction of <outcome>insulin level</outcome>, HOMA-IR index (homeostasis model assessment-insulin resistance index), testosterone level, and free androgen index compared with women treated with 1000 mg/d. After treatment with 1500 mg/d, the <outcome>insulin level</outcome> decreased by 25% and the <outcome>testosterone level</outcome> decreased by 23%. Both these changes might have a prognostic importance.  