Protective effects of <intervention>salidroside</intervention> on <condition>epirubicin-induced early left ventricular regional systolic dysfunction</condition> in patients with breast cancer. Salidroside [2-(4-hydroxyphenyl)ethyl-β-D-glucopyranoside], one of the most potent ingredients extracted from the plant Rhodiola rosea L., has been shown to have a cardiovascular protective effect as an antioxidant, and early treatment of epirubicin-induced cardiotoxicity has been the focus of clinical chemotherapy in patients with breast cancer. However, the cardioprotective effects of salidroside on epirubicin-induced cardiotoxicity, especially early left ventricular regional systolic dysfunction, have to date been sparsely investigated. The aim of this study was to investigate the protective effects of salidroside in preventing early left ventricular regional systolic dysfunction induced by epirubicin. <No-of-participants>Sixty</No-of-participants> patients with histologically confirmed breast cancer were enrolled. Eligible patients were randomized to receive salidroside (600 mg/day; n = <intervention-participants>30</intervention-participants>) or <control>placebo</control> (n = <control-participants>30</control-participants>) starting 1 week before chemotherapy. Patients were investigated by means of <outcome-Measure>echocardiography</outcome-Measure> and <outcome-Measure>strain rate (SR) imaging</outcome-Measure>. We also measured <outcome-Measure>plasma concentrations of reactive oxygen species (ROS)</outcome-Measure>. All parameters were assessed at baseline and 7 days after each new epirubicin dose of 100 mg/m2. A <outcome>decline of the SR peak</outcome> was observed at an epirubicin dose of 200 mg/m2, with no significant differences between salidroside and placebo (1.35 ± 0.36 vs 1.42 ± 0.49/second). At growing cumulative doses of epirubicin, the SR normalized only with salidroside, showing a significant difference in comparison with placebo at epirubicin doses of 300 mg/m2 (1.67 ± 0.43 vs 1.32 ± 0.53/second, p &lt; 0.05) and 400 mg/m2 (1.68 ± 0.29 vs 1.40 ± 0.23/second, p &lt; 0.05). Moreover, a significant increase in <outcome>plasma concentrations</outcome> of ROS was found with placebo, but they remained unchanged with salidroside. Salidroside can provide a protective effect on epirubicin-induced early left ventricular regional systolic dysfunction in patients with breast cancer. 