Breast ductal lavage for biomarker assessment in high risk women: rationale, design and methodology of a randomized phase II clinical trial with nimesulide, simvastatin and placebo. Despite positive results from large phase III clinical trials proved that it is possible to prevent estrogen-responsive breast cancers with selective estrogen receptor modulators and aromatase inhibitors, no significant results have been reached so far to prevent hormone non-responsive tumors. The <intervention>Ductal Lavage (DL)</intervention> procedure offers a minimally invasive method to obtain breast epithelial cells from the ductal system for cytopathologic analysis. Several studies with long-term follow-up have shown that women with atypical hyperplasia have an elevated risk of developing breast cancer. The objective of the proposed trial is to assess the efficacy and safety of a daily administration of <intervention>nimesulide</intervention> or <intervention>simvastatin</intervention> in <eligibility>women at higher risk for breast cancer, focused particularly on hormone non-responsive tumor risk</eligibility>. The primary endpoint is the <outcome-Measure>change in prevalence of atypical cells and cell proliferation</outcome-Measure> (measured by Ki67) in DL or fine needle aspirate samples, after 12 months of treatment and 12 months after treatment cessation. METHODS-DESIGN: <duration>From 2005 to 2011</duration>, <No-of-participants>150</No-of-participants> women with a history of estrogen receptor negative ductal intraepithelial neoplasia or lobular intraepithelial neoplasia or atypical hyperplasia, or unaffected subjects carrying a mutation of BRCA1 or with a probability of mutation >10% (according to BRCAPRO) were randomized to receive nimesulide 100mg/day versus simvastatin 20mg/day versus <control>placebo</control> for one year followed by a second year of follow-up. This is the first randomized placebo controlled trial to evaluate the role of DL to study surrogate endpoints biomarkers and the effects of these drugs on breast carcinogenesis. In 2007 the European Medicines Agency limited the use of systemic formulations of nimesulide to 15 days. According to the European Institute of Oncology Ethics Committee communication, we are now performing an even more careful monitoring of the study participants. Preliminary results showed that <outcome>DL is a feasible procedure</outcome>, the <outcome>treatment is well tolerated</outcome> and the safety blood tests do not show any significant <outcome>liver toxicity</outcome>. There is an urgent need to confirm in the clinical setting the potential efficacy of other compounds in contrasting hormone non-responsive breast cancer. This paper is focused on the methodology and operational aspects of the clinical trial. (ClinicalTrials.gov Identifier: NCT01500577). 