Results from a randomized trial of a <intervention>web-based, tailored decision aid</intervention> for <eligibility>women at high risk for breast cancer</eligibility>. To assess the impact of Guide to Decide (GtD), a web-based, personally-tailored decision aid designed to inform women's decisions about prophylactic tamoxifen and raloxifene use. Postmenopausal women, <average-age>age 46-74</average-age>, <eligibility>with BCRAT 5-year risk ≥ 1.66% and no prior history of breast cancer</eligibility> were randomized to one of three study arms:intervention (n=<intervention-participants>690</intervention-participants>), Time 1 control (n=<intervention-participants>160</intervention-participants>), or 3-month <control>control</control> (n=<control-participants>162</control-participants>). Intervention participants viewed GtD prior to completing a post-test and 3 month follow-up assessment. Controls did not. We assessed the <outcome-Measure>impact of GtD on women's decisional conflict levels and treatment decision behavior</outcome-Measure> at post-test and at 3 months, respectively. Intervention participants had significantly lower <outcome>decisional conflict levels</outcome> at post-test (p&lt;.001) and significantly higher odds of making a decision about whether or not to take prophylactic tamoxifen or raloxifene at 3-month follow-up (p&lt;.001) compared to control participants. GtD lowered <outcome>decisional conflict</outcome> and helped women at high risk of breast cancer decide whether to take prophylactic tamoxifen or raloxifene to reduce their cancer risk. Web-based, tailored decision aids should be used more routinely to facilitate informed medical decisions, reduce patients' decisional conflict, and empower patients to choose the treatment strategy that best reflects their own values.  