<intervention>Dressing wear time</intervention> after breast reconstruction: study protocol for a randomized controlled trial. One of the major risk variables for surgical site infection is wound management. Understanding infection risk factors for breast operations is essential in order to develop infection-prevention strategies and improve surgical outcomes. The aim of this trial is to assess the influence of dressing wear time on <condition>surgical site infection rates</condition> and <condition>skin colonization</condition>. Patients' perception at self-assessment will also be analyzed. This is a two-arm randomized controlled trial. <No-of-participants>Two hundred</No-of-participants> <eligibility>breast cancer patients undergoing immediate or delayed breast reconstruction</eligibility> will be prospectively enrolled. Patients will be randomly allocated to group I (dressing removed on postoperative day one) or group II (dressing removed on postoperative day six). Surgical site infections will be defined by standard criteria from the Centers for Disease Control and Prevention (CDC). Skin colonization will be assessed by culture of samples collected at predefined time points. Patients will score dressing wear time with regard to safety, comfort and convenience. The evidence to support dressing standards for breast surgery wounds is empiric and scarce. CDC recommends protecting, with a sterile dressing for 24 to 48 hours postoperatively, a primarily closed incision, but there is no recommendation to cover this kind of incision beyond 48 hours, or on the appropriate time to shower or bathe with an uncovered incision. The results of the ongoing trial may support standard recommendations regarding dressing wear time after breast reconstruction. ClinicalTrials.gov identifier: http://NCT01148823. 