<intervention>Guided paravertebral blocks</intervention> with versus without <intervention>clonidine</intervention> for women undergoing breast surgery: a prospective double-blinded randomized study. Paravertebral blocks (PVBs) have been introduced as an alternative to general anesthesia for breast cancer surgeries. The addition of clonidine as an adjuvant in PVBs may enhance quality and duration of analgesia and significantly reduce the consumption of analgesics after breast surgery. In this prospective randomized double-blind study, we assessed the significance of adding clonidine to the anesthetic mixture for <eligibility>women undergoing mastectomy</eligibility>. <No-of-participants>Sixty</No-of-participants> patients were randomized equally into 2 groups, both of which received PVB block, either with or <control>without clonidine</control>. <outcome-Measure>Analgesic consumption</outcome-Measure> was noted up to 2 weeks after the operation. A visual analog scale was used to assess <outcome-Measure>pain</outcome-Measure> postoperatively during the hospital stay, and a numeric rating scale was used when patients were discharged. <outcome>Analgesic consumption</outcome> was significantly lower in the clonidine group 48 hours postoperatively with 95% confidence interval (CI) for the difference (-69.5% to -6.6%). <outcome>Pain scores</outcome> at rest showed significant reduction in the clonidine group during the period from 24 to 72 hours postoperatively with 95% CI for the ratios of 2 means (1.09-3.61), (2.04-9.04), and (2.54-16.55), respectively, with shoulder movement at 24, 48, and 72 hours postoperatively 95% CI for the ratio of 2 means (1.10-3.15), (1.32-6.38), and (1.33-8.42), respectively. The <outcome>time needed to resume daily activity</outcome> was shorter in the clonidine group compared with the control group with 95% CI for the ratio of 2 means (1.14-1.62). The addition of clonidine enhanced the analgesic efficacy of PVB up to 3 days postoperatively for patients undergoing breast surgery. 