A multicenter randomized trial of the effects of <intervention>exercise</intervention> dose and type on <condition>psychosocial distress</condition> in <eligibility>breast cancer patients undergoing chemotherapy</eligibility>. Exercise may improve psychosocial distress in patients with cancer; however, few studies have examined the effects of different types or doses of exercise, or whether exercise effects are related to baseline depression levels. In a multicenter trial in <location>Canada</location>, we randomized <No-of-participants>301</No-of-participants> <eligibility>patients with breast cancer initiating chemotherapy</eligibility> to thrice weekly, supervised exercise consisting of either a standard dose of 25 to 30 minutes of aerobic exercise (STAN; n = <intervention-participants>96</intervention-participants>), a higher dose of 50 to 60 minutes of aerobic exercise (HIGH; n = <intervention-participants>101</intervention-participants>), or a combined dose of 50 to 60 minutes of aerobic and resistance exercise (COMB; n = <intervention-participants>104</intervention-participants>). The primary endpoint was <outcome-Measure>depression</outcome-Measure> assessed by the Center for Epidemiological Studies-Depression scale at baseline, twice during chemotherapy, and postchemotherapy. Secondary endpoints were <outcome-Measure>anxiety</outcome-Measure>, <outcome-Measure>perceived stress</outcome-Measure>, and <outcome-Measure>self-esteem</outcome-Measure>. Repeated measures ANOVA indicated that neither HIGH [mean difference = -0.9; 95% confidence interval (CI), +0.0 to -1.8; P = 0.061] nor COMB (mean difference = -0.4; 95% CI, +0.5 to -1.3; P = 0.36) was superior to STAN for <outcome>managing depressive symptoms</outcome>. In a planned subgroup analysis, there was a significant interaction with baseline <outcome>depression levels</outcome> (P interaction = 0.027) indicating that COMB and HIGH were effective for managing depressive symptoms in patients with clinical levels of depressive symptoms at baseline. Compared with a standard volume of aerobic exercise, higher volumes of exercise did not help manage depressive symptoms in unselected patients with breast cancer receiving chemotherapy, but they were effective in patients with clinical levels of depressive symptoms at baseline. A phase III exercise trial targeting depressed patients with breast cancer is warranted.  