Effect of an <intervention>essential oil mixture</intervention> on <condition>skin reactions</condition> in <eligibility>women undergoing radiotherapy for breast cancer</eligibility>: a pilot study. This pilot study compared the effects of an essential oil mixture versus <control>standard care</control> on skin reactions in breast cancer patients receiving radiation. Using an experimental design, <No-of-participants>24</No-of-participants> patients were randomized to standard care (i.e., RadiaPlexRx™ ointment) or an essential oil mixture. Products were applied topically three times a day until <duration>1 month</duration> postradiation. <outcome-Measure>Weekly skin assessments</outcome-Measure> were recorded and women completed <outcome-Measure>patient satisfaction</outcome-Measure> and <outcome-Measure>quality of life (QOL)</outcome-Measure> instruments at 3-, 6-, and 10-week intervals. No significant differences were found for <outcome>skin, QOL, or patient satisfaction</outcome> at interim or follow-up time points. Effect sizes were as follows: <outcome>skin</outcome> = .01 to .07 (small-medium effect); <outcome>QOL</outcome> = .01 to .04 (small effect); <outcome>patient satisfaction</outcome> = .02 (small effect). The essential oil mixture did not provide a better <outcome>skin protectant effect</outcome> than standard care. These findings suggest the essential oil mixture is equivalent to RadiaPlexRx, a common product used as standard care since it has been shown to be effective in protecting skin from radiation. Thus, this pilot provides evidence to support botanical or nonpharmaceutical options for women during radiotherapy for breast cancer.  