Favorable effects of <intervention>low-fat</intervention> and <intervention>low-carbohydrate dietary</intervention> patterns on serum leptin, but not adiponectin, among <eligibility>overweight and obese premenopausal women</eligibility>: a randomized trial. The most effective dietary pattern for breast cancer prevention has been greatly debated in recent years. Studies have examined hypocaloric diets, with particular emphasis on macronutrient composition, yielding inconclusive data. The objective of this study was to examine the effects of calorie-restricted low-fat and low-carbohydrate diets (LFD and LCD, respectively) on circulating adipokines among overweight and obese premenopausal women. <No-of-participants>Seventy-nine</No-of-participants> overweight and obese premenopausal women were randomized to either LFD or LCD, with increased physical activity, for <duration>52 weeks</duration>. <outcome-Measure>Serum adiponectin</outcome-Measure>, <outcome-Measure>leptin</outcome-Measure> and the <outcome-Measure>adiponectin-to-leptin ratio (A/L)</outcome-Measure> were measured at baseline, and at weeks 34 and 52 to assess intervention effects. While there were no significant changes in serum adiponectin concentrations following the LCD and LFD interventions, <outcome>leptin concentrations</outcome> significantly decreased by week 34 of the intervention period (LCD: <intervention-value>35.3%</intervention-value>, P = 0.004; LFD: <intervention-value>30.0%</intervention-value>, P = 0.01), with no difference by intervention arm. At week 52, these reductions were statistically non-significant, indicating a return to baseline levels by the end of the intervention. While there were non-significant increases in the <outcome>A/L ratio</outcome> following the LCD and LFD intervention arms, the overall trend, across groups, was marginally significant (P = 0.05) with increases of <intervention-value>16.2%</intervention-value> and <intervention-value>35.1%</intervention-value> at weeks 34 and 52, respectively. These findings suggest that caloric-restricted LCD and LFD dietary patterns favorably modify leptin and possibly the A/L ratio, and lend support to the hypothesis that these interventions may be effective for obesity-related breast cancer prevention through their effects on biomarkers involved in metabolic pathways.  NCT01559194. 