<intervention>Betamethasone</intervention> in prevention of <condition>postoperative nausea and vomiting</condition> following breast surgery. To investigate whether betamethasone decreases the incidence of postoperative nausea/vomiting (PONV) and reduces postoperative pain following partial mastectomy. Prospective randomized, double-blinded study. Operating room and Postanesthesia Care Unit of a university hospital. <No-of-participants>80</No-of-participants> <eligibility>ASA physical status 1 and 2 women scheduled for elective breast cancer surgery</eligibility>. Patients were randomly allocated to two groups in double-blinded fashion: Group B (betamethasone; <intervention-participants>37</intervention-participants> pts) and Group C (<control>control</control>; <control-participants>38</control-participants> pts). Group B received 8 mg of betamethasone intravenously before the start of surgery. The <outcome-Measure>rate of PONV and pain</outcome-Measure> were recorded using a numeric rating scale (NRS; 0-10), as well as rescue doses of antiemetics (ondansetron) and analgesics (ketobemidone). There was a significant lower incidence of postoperative nausea (PON) scoring NRS ≥ 1 in Group B in the 4 to 12-hour period compared with Group C (P = 0.02). The <outcome>cumulative incidence of PON</outcome> was <intervention-value>57%</intervention-value> in Group B versus <control-value>68%</control-value> in Group C (P = 0.27). The <outcome>overall incidence of postoperative vomiting</outcome> (POV) was <intervention-value>18%</intervention-value> and <control-value>20%</control-value> in Groups B and C, respectively. <outcome>Postoperative pain</outcome> was reduced by <intervention-value>40%</intervention-value> in Group B in the 4 to 12-hour period, but the mean dose of postoperative rescue analgesic did not differ between the groups. Preoperative betamethasone reduces the severity of PONV and pain in patients undergoing elective breast surgery.  