Administration of <intervention>subcutaneous buffered lidocaine</intervention> prior to breast lymphoscintigraphy reduces pain without decreasing lymph node visualization. Breast lymphoscintigraphy using (99m)Tc-sulfur colloid ((99m)Tc-SC) is well established in clinical practice for staging patients with breast carcinoma. Nearly all patients report having pain during the procedure. However, techniques used to minimize pain during breast lymphoscintigraphy are highly variable across institutions. Our study was to determine whether anesthetizing the skin with sodium bicarbonatehether-buffered lidocaine before performing breast lymphoscintigraphy reduced the pain experienced by the patients. The second objective of this study was to evaluate whether anesthetizing the skin with buffered lidocaine changed visualization of lymph nodes. This prospective, patient-masked and randomized study involved performing breast lymphoscintigraphy in a <control>control group</control> and experimental group of female breast cancer patients. The control group did not receive skin anesthetic before (99m)Tc-SC injections, whereas the experimental group first underwent skin anesthesia with an injection of 2% sodium bicarbonate-buffered lidocaine. All patients were asked to rate their pain levels, using the National Institutes of Health pain scale, before the procedure and immediately after the injections. The <outcome-Measure>change in pain</outcome-Measure> from baseline was compared between the 2 groups. After the injections, scintigraphic imaging of the axilla was performed, and the <outcome-Measure>number of axillary lymph nodes visualized</outcome-Measure> was recorded. No significant difference was found in <outcome>preprocedural baseline pain</outcome> from the control group, compared with the experimental group. There was a statistically significant difference in the increase in <outcome>pain experienced during the procedure</outcome> between the control group and the experimental group (P = 0.009). There was no significant difference in the <outcome>detection of lymph nodes</outcome> between the control and experimental groups (P = 0.56). The results from our study indicate that injecting subcutaneous buffered lidocaine before intradermal injection of (99m)Tc-SC for breast lymphoscintigraphy significantly decreases patient pain without interfering with lymph node visualization.  