<intervention>Tai chi</intervention>, cellular inflammation, and transcriptome dynamics in breast cancer survivors with <condition>insomnia</condition>: a randomized controlled trial. Mind-body therapies such as Tai Chi are widely used by breast cancer survivors, yet effects on inflammation are not known. This study hypothesized that Tai Chi Chih (TCC) would reduce systemic, cellular, and genomic markers of inflammation as compared with cognitive behavioral therapy for insomnia (CBT-I). In this randomized trial for the treatment of insomnia, <No-of-participants>90</No-of-participants> <eligibility>breast cancer survivors with insomnia</eligibility> were assigned to TCC or CBT-I for 2-hour sessions weekly for <duration>3 months</duration>. At baseline and postintervention, blood samples were obtained for measurement of C-reactive protein and toll-like receptor-4-activated monocyte production of interleukin-6 (IL-6) and tumor necrosis factor-α (TNF), with a random subsample (n = <No-of-participants>48</No-of-participants>) analyzed by genome-wide transcriptional profiling. <outcome>Levels of C-reactive protein</outcome> did not change in the TCC and CBT-I groups. Levels of toll-like receptor-4-activated monocyte production of IL-6 and TNF combined showed an overall <outcome>reduction in TCC versus CBT-I</outcome> (P &lt;.02), with similar effects for IL-6 (P = .07) and TNF (P &lt;.05) alone. For genome-wide transcriptional profiling of circulating peripheral blood mononuclear cells, expression of genes encoding proinflammatory mediators showed an overall reduction in TCC versus CBT-I (P = .001). TELiS promoter-based bioinformatics analyses implicated a <outcome>reduction of activity of the proinflammatory transcription factor, nuclear factor-κB</outcome>, in structuring these differences. Among breast cancer survivors with insomnia, 3 months of TCC <outcome>reduced cellular inflammatory responses</outcome>, and r<outcome>educed expression of genes encoding proinflammatory mediators</outcome>. Given the link between inflammation and cancer, these findings provide an evidence-based molecular framework to understand the potential salutary effects of TCC on cancer survivorship.  