<intervention>Serum lipids</intervention>, <intervention>lipoproteins</intervention>, and risk of breast cancer: a nested case-control study using multiple time points. There is strong evidence that breast cancer risk is influenced by environmental factors. Blood lipid and lipoprotein levels are also influenced by environmental factors and are associated with some breast cancer risk factors. We examined whether serial measures of serum lipids and lipoproteins were associated with breast cancer risk. We carried out a nested case-control study within a randomized long-term dietary intervention trial with <No-of-participants>4690</No-of-participants> <eligibility>women with extensive mammographic density followed for an average of 10 years for breast cancer incidence</eligibility>. We measured lipids in an average of 4.2 blood samples for 279 invasive breast cancer case subjects and 558 matched control subjects. We calculated <outcome-Measure>subaverages of lipids</outcome-Measure> for each subject based on menopausal status and use of hormone replacement therapy (HRT) at blood collection and analyzed their association with breast cancer using generalized estimating equations. All statistical tests were two-sided. <outcome>High-density lipoprotein-cholesterol</outcome> (HDL-C) (P = .05) and <outcome>apoA1</outcome> (P = .02) levels were positively associated with breast cancer risk (75(th) vs 25(th) percentile: HDL-C, 23% higher; apoA1, 28% higher) and <outcome>non-HDL-C</outcome> (P = .03) and apoB (P = .01) levels were negatively associated (75(th) vs 25(th) percentile: non-HDL-C, 19% lower; apoB, 22% lower). These associations were observed only when lipids were measured when HRT was not used. <outcome>Total cholesterol and triglyceride levels</outcome> were not statistically significantly associated with breast cancer risk. These results demonstrate that serum lipids are associated with breast cancer risk in women with extensive mammographic density. The possibility that interventions for heart disease prevention, which aim to reduce non-HDL-C or raise HDL-C, may have effects on breast cancer risk merits examination.  