Weight Lifting and Physical Function Among Survivors of Breast Cancer: A Post Hoc Analysis of a Randomized Controlled Trial. Survivors of breast cancer may experience deterioration of physical function. This is important because poor physical function may be associated with premature mortality, injurious falls, bone fracture, and disability. We conducted a post hoc analysis to explore the potential efficacy of slowly progressive <intervention>weight lifting</intervention> to reduce the incidence of physical function deterioration among survivors of breast cancer. <duration>Between October 2005 and August 2008</duration>, we conducted a single-blind, <duration>12-month</duration>, randomized controlled trial of twice-per-week slowly progressive weight lifting or <control>standard care</control> among <No-of-participants>295</No-of-participants> <eligibility>survivors of nonmetastatic breast cancer</eligibility>. In this post hoc analysis of data from the Physical Activity and Lymphedema Trial, we examined <outcome-Measure>incident deterioration of physical function</outcome-Measure> after 12 months, defined as a ≥ 10-point decrease in the physical function subscale of the Medical Outcomes Short-Form 36-item questionnaire. The <outcome>proportion of participants who experienced incident physical function deterioration</outcome> after 12 months was <control-value>16.3%</control-value> (<control-value>24</control-value>/<control-participants>147</control-participants>) in the control group and <intervention-value>8.1%</intervention-value> (<intervention-value>12</intervention-value>/<intervention-participants>148</intervention-participants>) in the weight lifting group (relative risk, 0.49; 95% CI, 0.25 to 0.96; P = .04). No serious or unexpected <outcome>adverse events</outcome> occurred that were related to weight lifting. Slowly progressive weight lifting compared with standard care reduced the incidence of physical function deterioration among survivors of breast cancer. These data are hypothesis generating. Future studies should directly compare the efficacy of weight lifting with other modalities of exercise, such as brisk walking, to appropriately inform the development of a confirmatory study designed to preserve physical function among survivors of breast cancer.  