Randomized Trial Comparing <intervention>Telephone</intervention> Versus In-Person <intervention>Weight Loss Counseling</intervention> on Body Composition and Circulating Biomarkers in Women Treated for Breast Cancer: The Lifestyle, Exercise, and Nutrition (LEAN) Study. Obesity is associated with a higher risk of breast cancer mortality. The gold standard approach to weight loss is in-person counseling, but telephone counseling may be more feasible. We examined the effect of in-person versus telephone weight loss counseling versus <control>usual care</control> on <duration>6-month</duration> changes in body composition, physical activity, diet, and serum biomarkers. <No-of-participants>One hundred</No-of-participants> <eligibility>breast cancer survivors with a body mass index ≥ 25 kg/m(2)</eligibility> were randomly assigned to in-person counseling (n = <intervention-participants>33</intervention-participants>), telephone counseling (n = <intervention-participants>34</intervention-participants>), or usual care (UC) (n = <control-participants>33</control-participants>). In-person and telephone counseling included 11 30-minute counseling sessions over 6 months. These focused on reducing caloric intake, increasing physical activity, and behavioral therapy. <outcome-Measure>Body composition</outcome-Measure>, <outcome-Measure>physical activity</outcome-Measure>, <outcome-Measure>diet</outcome-Measure>, and <outcome-Measure>serum biomarkers</outcome-Measure> were measured at baseline and 6 months. The mean age of participants was <average-age>59 ± 7.5 years</average-age> old, with a mean BMI of 33.1 ± 6.6 kg/m(2), and the mean time from diagnosis was 2.9 ± 2.1 years. Fifty-one percent of the participants had stage I breast cancer. <outcome>Average 6-month weight loss</outcome> was <intervention-value>6.4%</intervention-value>, <intervention-value>5.4%</intervention-value>, and <control-value>2.0%</control-value> for in-person, telephone, and UC groups, respectively (P = .004, P = .009, and P = .46 comparing in-person with UC, telephone with UC, and in-person with telephone, respectively). A significant <intervention-value>30%</intervention-value> <outcome>decrease in C-reactive protein levels</outcome> was observed among women randomly assigned to the combined weight loss intervention groups compared with a <control-value>1%</control-value> decrease among women randomly assigned to UC (P = .05). Both in-person and telephone counseling were effective weight loss strategies, with favorable effects on C-reactive protein levels. Our findings may help guide the incorporation of weight loss counseling into breast cancer treatment and care.  