<intervention>Red meat, poultry, and fish intake</intervention> and breast cancer risk among <ethinicity>Hispanic</ethinicity> and <ethinicity>Non-Hispanic white</ethinicity> women: The Breast Cancer Health Disparities Study. There is suggestive but limited evidence for a relationship between meat intake and breast cancer (BC) risk. Few studies included Hispanic women. We investigated the association between meats and fish intake and BC risk among Hispanic and NHW women. The study included NHW (<intervention-participants>1,982</intervention-participants> cases and <control-participants>2,218</control-participants> controls) and the US Hispanics (<intervention-participants>1,777</intervention-participants> cases and <control-participants>2,218</control-participants> controls) from two population-based case-control studies. Analyses considered menopausal status and percent Native American ancestry. We estimated pooled ORs combining harmonized data from both studies, and study- and race-/ethnicity-specific ORs that were combined using fixed or random effects models, depending on heterogeneity levels. When comparing highest versus lowest tertile of intake, among NHW we observed an <outcome>association between tuna intake and BC risk</outcome> (pooled OR 1.25; 95 % CI 1.05-1.50; trend p = 0.006). Among Hispanics, we observed an <outcome>association between BC risk and processed meat intake</outcome> (pooled OR 1.42; 95% CI 1.18-1.71; trend p &lt; 0.001), and <outcome>between white meat</outcome> (OR 0.80; 95% CI 0.67-0.95; trend p = 0.01) and BC risk, driven by poultry. All these findings were supported by meta-analysis using fixed or random effect models and were restricted to estrogen receptor-positive tumors. Processed meats and poultry were not associated with BC risk among NHW women; red meat and fish were not associated with BC risk in either race/ethnic groups. Our results suggest the presence of ethnic differences in associations between meat and BC risk that may contribute to BC disparities. 