Prevention of <condition>cardiac dysfunction</condition> during adjuvant breast cancer therapy (PRADA): a 2 × 2 factorial, randomized, placebo-controlled, double-blind clinical trial of candesartan and metoprolol. Contemporary adjuvant treatment for early breast cancer is associated with improved survival but at the cost of increased risk of cardiotoxicity and cardiac dysfunction. We tested the hypothesis that concomitant therapy with the angiotensin receptor blocker <intervention>candesartan</intervention> or the <intervention>β-blocker metoprolol</intervention> will alleviate the decline in left ventricular ejection fraction (LVEF) associated with adjuvant, anthracycline-containing regimens with or without trastuzumab and radiation. In a 2 × 2 factorial, randomized, placebo-controlled, double-blind trial, we assigned <No-of-participants>130</No-of-participants> <eligibility>adult women with early breast cancer and no serious co-morbidity</eligibility> to the angiotensin receptor blocker candesartan cilexetil, the β-blocker metoprolol succinate, or matching <control>placebos</control> in parallel with adjuvant anticancer therapy. The primary outcome measure was <outcome-Measure>change in LVEF</outcome-Measure> by cardiac magnetic resonance imaging. A priori, a change of 5 percentage points was considered clinically important. There was <outcome>no interaction between candesartan and metoprolol treatments</outcome> (P = 0.530). The <outcome>overall decline in LVEF</outcome> was 2.6 (95% CI 1.5, 3.8) percentage points in the placebo group and 0.8 (95% CI -0.4, 1.9) in the candesartan group in the intention-to-treat analysis (P-value for between-group difference: 0.026). No effect of metoprolol on the overall decline in LVEF was observed. In patients treated for early breast cancer with adjuvant anthracycline-containing regimens with or without trastuzumab and radiation, concomitant treatment with candesartan provides protection against early decline in global left ventricular function.  