A randomized cross-over trial to detect differences in arm volume after low- and heavy-load resistance <intervention>exercise</intervention> among patients receiving adjuvant chemotherapy for breast cancer at risk for <condition>arm lymphedema</condition>: study protocol. In an effort to reduce the risk of breast cancer-related arm lymphedema, patients are commonly advised to avoid heavy lifting, impacting activities of daily living and resistance exercise prescription. This advice lacks evidence, with no prospective studies investigating arm volume changes after resistance exercise with heavy loads in this population. The purpose of this study is to determine acute changes in arm volume after a session of low- and heavy-load resistance exercise among women undergoing adjuvant chemotherapy for breast cancer at risk for arm lymphedema. This is a randomized cross-over trial. <eligibility>Women receiving adjuvant chemotherapy for breast cancer who have undergone axillary lymph node dissection</eligibility> will be recruited from rehabilitation centers in the Copenhagen area. Participants will be randomly assigned to engage in a low- (two sets of 15-20 repetition maximum) and heavy-load (three sets of 5-8 repetition maximum) upper-extremity resistance exercise session with a one week wash-out period between sessions. <outcome-Measure>Changes in extracellular fluid (L-Dex score) and arm volume (ml)</outcome-Measure> will be assessed using bioimpedance spectroscopy and dual-energy x-ray absorptiometry, respectively. <outcome-Measure>Symptom severity related to arm lymphedema</outcome-Measure> will be determined using a visual analogue scale (heaviness, swelling, pain, tightness). Measurements will be taken immediately pre- and post-exercise, and 24- and 72-hours post-exercise. A sample size of <No-of-participants>20</No-of-participants> participants was calculated based on changes in L-Dex scores between baseline and 72-hours post exercise sessions. Findings from this study are relevant for exercise prescription guidelines, as well as recommendations regarding participating in activities of daily living for women following surgery for breast cancer and who may be at risk of developing arm lymphedema. Current Controlled Trials ISRCTN97332727 . Registered 12 February 2015. 