Multidisciplinary Approach to Novel Therapies in Cardio-Oncology Research (MANTICORE 101-Breast): A Randomized Trial for the Prevention of <condition>Trastuzumab-Associated Cardiotoxicity</condition>. Purpose The primary toxicity of trastuzumab therapy for human epidermal growth factor receptor 2-overexpressing (HER2-positive) breast cancer is dose-independent cardiac dysfunction. Angiotensin-converting enzyme inhibitors and β-blockers are recommended first-line agents for heart failure. We hypothesized that angiotensin-converting enzyme inhibitors and β-blockers could prevent trastuzumab-related cardiotoxicity. Patients and Methods In this double-blinded, placebo-controlled trial, <eligibility>patients with HER2-positive early breast cancer</eligibility> were randomly assigned to receive treatment with <intervention>perindopril</intervention>, <intervention>bisoprolol</intervention>, or <control>placebo</control> (1:1:1) for the duration of trastuzumab adjuvant therapy. Patients underwent cardiac magnetic resonance imaging at baseline and post-cycle 17 for the determination of left ventricular volumes and left ventricular ejection fraction (LVEF). Cardiotoxicity was evaluated as the change in indexed left ventricular end diastolic volume and LVEF. Results <intervention-participants>Thirty-three</intervention-participants> patients received perindopril, <intervention-participants>31</intervention-participants> received bisoprolol, and <control-participants>30</control-participants> received placebo. Baseline demographic, cancer, and cardiovascular profiles were similar between groups. Study drugs were well tolerated with <outcome>no serious adverse events</outcome>. After 17 cycles of trastuzumab, indexed <outcome>left ventricular end diastolic volume increased</outcome> in patients treated with perindopril (+7 ± 14 mL/m2), bisoprolol (+8 mL ± 9 mL/m2), and placebo (+4 ± 11 mL/m2; P = .36). In secondary analyses, trastuzumab-mediated <outcome>decline in LVEF</outcome> was attenuated in bisoprolol-treated patients (-1 ± 5%) relative to the perindopril (-3 ± 4%) and placebo (-5 ± 5%) groups ( P = .001). Perindopril and bisoprolol use were independent predictors of maintained LVEF on multivariable analysis. Conclusion Perindopril and bisoprolol were well tolerated in patients with HER2-positive early breast cancer who received trastuzumab and protected against cancer therapy-related declines in LVEF; however, trastuzumab-mediated left ventricular remodeling-the primary outcome-was not prevented by these pharmacotherapies. 