<intervention>Progressive strength training</intervention> to prevent <condition>LYmphoedema</condition> in the first year after breast CAncer - the LYCA feasibility study. Lymphoedema is a common late effect after breast cancer (BC) that has no effective cure once chronic. Accumulating evidence supports progressive strength training (PRT) as a safe exercise modality in relation to the onset and exacerbation of lymphoedema. In the 'preventive intervention against LYmphoedema after breast CAncer' (LYCA) feasibility study we examined the feasibility of a program of PRT in the first year after BC to inform a planned randomised controlled trial (RCT). LYCA was a one-group prospective pilot trial inviting women operated with axillary lymph node dissection for unilateral primary BC. Participants exercised three times a week for <duration>50 weeks</duration> (20 weeks supervised followed by 30 weeks home-based exercise). The program ensured slow individualised progression during the exercise program. The primary outcome was <outcome-Measure>feasibility</outcome-Measure> measured by eligibility and recruitment rates, as well as questionnaire-assessed <outcome-Measure>satisfaction</outcome-Measure> and <outcome-Measure>adherence to exercise</outcome-Measure>. Furthermore, we assessed <outcome-Measure>arm interlimb volume difference</outcome-Measure> by water displacement, <outcome-Measure>muscle strength</outcome-Measure> by dynamic and isometric muscle testing and <outcome-Measure>range of movement in the shoulder</outcome-Measure> by goniometry. In August 2015, <No-of-participants>eight</No-of-participants> of <No-of-participants>11</No-of-participants> eligible patients accepted participation. Two of them <outcome>dropped out</outcome> early due to other health issues. The remaining six participants had <outcome>high exercise adherence</outcome> through the supervised period, but only three maintained this through the home exercise period. <outcome>Program satisfaction was high and no serious adverse events</outcome> from testing or exercising were reported. One participant presented with <outcome>lymphoedema</outcome> at 50-week follow-up. <outcome>Muscle strength markedly increased</outcome> with supervised exercise, but was not fully maintained through the home exercise period. <outcome>Range of shoulder movement was not negatively</outcome> affected by the program. Recruitment, testing, and exercise in LYCA was safe and feasible. At the 50-week follow-up, there was one case of lymphoedema. The LYCA program will be further tested in a full-scale RCT. 