Self-reported <intervention>physical activity</intervention> behavior of breast cancer survivors during and after adjuvant therapy: <duration>12 months</duration> follow-up of two randomized exercise intervention trials. Exercise during and after breast cancer treatment has shown several health benefits. However, little is known about the courses, patterns, and determinants of physical activity of breast cancer patients, and the role of exercise interventions on their physical activity behavior in the long run. Self-reported physical activity was assessed in <No-of-participants>227</No-of-participants> <eligibility>breast cancer survivors</eligibility> before, during, and three, six, and 12 months post-intervention within two randomized resistance exercise trials performed during adjuvant chemo- or radiotherapy, respectively, with similar designs. Multiple ordinal logistic regression analyses were performed to identify determinants of <outcome-Measure>physical activity</outcome-Measure> at these time points. While the intervention group exercised a median 1.8 h/week during adjuvant therapy (interquartile range 1.4-2.5), 68% of controls did not engage in any exercise. At 12-months follow-up 32% of patients <outcome>did not engage in any exercise</outcome> irrespective of the intervention. Of the patients who cycled for transportation pre-diagnosis about half stopped cycling in the long term in both groups. In contrast, <outcome>walking was maintained</outcome> over time. Major determinants of low levels of exercise at 12-months follow-up were low pre-diagnosis levels of exercise, lower education, being postmenopausal, and having breast problems or depressive symptoms. Further, the intervention appeared to influence the type of sports performed, with strength exercise being the most common type of exercise at follow-up in the exercise group, more frequently compared to the control group. The exercise intervention effectively countervailed the decrease in physical activity during cancer therapy and boosted strength exercise in the months following the intervention, but in the longer term many survivors were insufficiently active. Breast cancer survivors may need continued motivation and practical support tailored to their individual characteristics and physical activity history to incorporate exercise in everyday routine in the long term. 