<intervention>Smartphone-Enabled Health Coaching</intervention> Intervention (iMOVE) to Promote Long-Term Maintenance of Physical Activity in Breast Cancer Survivors: Protocol for a Feasibility Pilot Randomized Controlled Trial. Although physical activity has been shown to contribute to long-term disease control and health in breast cancer survivors, a majority of breast cancer survivors do not meet physical activity guidelines. Past research has focused on promoting physical activity components for short-term breast cancer survivor benefits, but insufficient attention has been devoted to long-term outcomes and sustained exercise adherence. We are assessing a health coach intervention (iMOVE) that uses mobile technology to increase and sustain physical activity maintenance in initially inactive breast cancer survivors. This pilot randomized controlled trial (RCT) is an initial step in evaluating the iMOVE intervention and will inform development of a full-scale pragmatic RCT. We will enroll <No-of-participants>107</No-of-participants> physically inactive breast cancer survivors and randomly assign them to intervention or <control>control groups</control> at the University Health Network, a tertiary cancer care center in <location>Toronto, Canada</location>. Participants will be women (age <average-age>18 to 74 years</average-age>) <eligibility>stratified by age (55 years and older/younger than 55 years) and adjuvant hormone therapy (AHT) exposure (AHT vs no AHT) following breast cancer treatment with no metastases or recurrence who report less than 60 minutes of preplanned physical activity per week</eligibility>. Both intervention and control groups receive the <duration>12-week</duration> physical activity program with weekly group sessions and an individualized, progressive, home-based exercise program. The intervention group will additionally receive (1) 10 telephone-based health coaching sessions, (2) smartphone with data plan, if needed, (3) supportive health tracking software (Connected Wellness, NexJ Health Inc), and (4) a wearable step-counting device linked to a smartphone program. We will be assessing recruitment rates; acceptability reflected in selective, semistructured interviews; and enrollment, retention, and adherence quantitative intervention markers as pilot outcome measures. The primary clinical outcome will be directly measured <outcome-Measure>peak oxygen consumption</outcome-Measure>. Secondary clinical outcomes include <outcome-Measure>health-related quality of life</outcome-Measure> and <outcome-Measure>anthropometric measures</outcome-Measure>. All outcome measures are administered at baseline, after exercise program (month 3), and 6 months after program (month 9). This pilot RCT will inform full-scale RCT planning. We will assess pilot procedures and interventions and collect preliminary effect estimates. ClinicalTrials.gov NCT02620735; https://clinicaltrials.gov/ct2/show/NCT02620735 (Archived by WebCite at https://clinicaltrials.gov/ct2/show/NCT02620735).  