Facilitating decision-making in <eligibility>women undergoing genetic testing for hereditary breast cancer</eligibility>: BRECONDA randomized controlled trial results. Decision-making concerning risk-reducing mastectomy for women at hereditary risk of breast cancer entails complex personal choices. Deciding whether and how to restore breast shape after risk-reducing mastectomy is a key part of this process. We developed a <intervention>web-based decision aid</intervention>, BRECONDA (Breast Reconstruction Decision Aid), to assist women in decision-making regarding breast reconstruction. This study assessed the efficacy of BRECONDA to assist women at increased risk of breast cancer in making decisions regarding risk-reducing mastectomy in terms of decisional conflict, knowledge, and satisfaction with information. <eligibility>Women at hereditary risk of breast cancer</eligibility> (N = <No-of-participants>64</No-of-participants>) were recruited into this randomized controlled trial from four <location>Australian</location> hereditary cancer clinics. Participants initially provided online consent and completed baseline questionnaires assessing decisional conflict, knowledge, and satisfaction with information. They were then randomly assigned to either: 1) Intervention - unlimited access to BRECONDA, with <control>usual care</control>; or, 2) Control - usual care. At <duration>2-months</duration> follow-up (N = <No-of-participants>60</No-of-participants>) the outcomes were re-assessed. Intervention participants also completed user acceptability ratings for the intervention overall and specific key modules. MANCOVA analyses indicated that Intervention participants reported lower <outcome>decisional conflict</outcome> (P = 0.027), and greater <outcome>knowledge</outcome> (P = 0.019) and <outcome>satisfaction with information</outcome> (P &lt;0.0005) at 2-months follow-up compared with Controls. Intervention participants reported high <outcome>user acceptability and satisfaction</outcome> with the intervention. BRECONDA benefits women considering risk-reducing mastectomy by reducing decisional conflict, and improving knowledge and satisfaction with information. These benefits, coupled with high user acceptability, demonstrate the feasibility of implementing BRECONDA in the hereditary cancer risk context.  