Impact of <intervention>pectoral nerve block</intervention> on <condition>postoperative pain</condition> and quality of recovery in patients undergoing breast cancer surgery: A randomised controlled trial. In recent years, thoracic wall nerve blocks, such as the pectoral nerve (PECS) block and the serratus plane block have become popular for peri-operative pain control in patients undergoing breast cancer surgery. The effect of PECS block on quality of recovery (QoR) after breast cancer surgery has not been evaluated. To evaluate the ability of PECS block to decrease postoperative pain and anaesthesia and analgesia requirements and to improve postoperative QoR in patients undergoing breast cancer surgery. Randomised controlled study. A tertiary hospital. <No-of-participants>Sixty</No-of-participants> <eligibility>women undergoing breast cancer surgery</eligibility> <duration>between April 2014 and February 2015</duration>. The patients were randomised to receive a PECS block consisting of 30 ml of levobupivacaine 0.25% after induction of anaesthesia (PECS group) or a <control>saline mock block (control group)</control>. The patients answered a 40-item QoR questionnaire (QoR-40) before and 1 day after breast cancer surgery. <outcome-Measure>Numeric Rating Scale score for postoperative pain</outcome-Measure>, <outcome-Measure>requirement for intra-operative propofol and remifentanil</outcome-Measure>, and <outcome-Measure>QoR-40 score on postoperative day 1</outcome-Measure>. PECS block combined with propofol-remifentanil anaesthesia significantly improved the median [interquartile range] <outcome>pain score at 6 h postoperatively</outcome> (PECS group 1 [0 to 2] vs. Control group 1 [0.25 to 2.75]; P = 0.018]. PECS block also reduced propofol mean (± SD) estimated target <outcome>blood concentration to maintain bispectral index (BIS) between 40 and 50</outcome> (PECS group 2.65 (± 0.52) vs. Control group 3.08 (± 0.41) μg ml; P &lt;0.001) but not <outcome>remifentanil consumption</outcome> (PECS group 10.5 (± 4.28) vs. Control group 10.4 (± 4.68) μg kg h; P = 0.95). PECS block did not improve the <outcome>QoR-40 score on postoperative day 1</outcome> (PECS group 182 [176 to 189] vs. Control group 174.5 [157.75 to 175]). In patients undergoing breast cancer surgery, PECS block combined with general anaesthesia reduced the requirement for propofol but not that for remifentanil, due to the inability of the PECS block to reach the internal mammary area. Further, PECS block improved postoperative pain but not the postoperative QoR-40 score due to the factors that cannot be measured by analgesia immediately after surgery, such as rebound pain. This trial is registered with the University Hospital Medical Information Network Clinical Trials Registry (UMIN000013435). 