Effects of a <intervention>Psychoeducational</intervention> Intervention in <eligibility>Patients With Breast Cancer Undergoing Chemotherapy</eligibility>. Compelling evidence has yet to be published regarding the positive effect of psychoeducational interventions (PEIs) on psychological distress in patients with breast cancer. The impact of PEIs on self-efficacy, resilience, and quality of life is also unclear. The aim of this study was to assess the effects of a PEI on anxiety, depression, disease-specific care knowledge, self-efficacy, resilience and quality of life in patients with breast cancer during and after chemotherapy. The intervention was administered before and during five rounds of chemotherapy treatment. A randomized controlled trial was conducted. Patients with breast cancer (N = <No-of-participants>40</No-of-participants>) were randomly assigned to either the experimental or <control>control group</control>. The experimental group participated in PEI, a brief and highly structured program consisting of two parts: (a) an educational manual that addressed depression, anxiety, disease-specific care knowledge, self-efficacy, and resilience and (b) a self-assessment of learning. The control group received only traditional pamphlet education. Data were collected at four time points: before the first chemotherapy session (T1), during the third chemotherapy session (T2), during the fifth chemotherapy session (T3), and at 2 weeks after the final chemotherapy session (T4). <outcome>Anxiety, depression, resilience, and quality of life</outcome> in the experimental group showed significant differences at T4. Significant differences became apparent at T2 for <outcome>knowledge</outcome> and at T3 for <outcome>self-efficacy</outcome>. The <outcome>effects of knowledge, resilience, and quality of life</outcome> remained significant when group and time interactions were included in the model, showing a positive relationship between PEI and the variables of knowledge, resilience, and quality of life. Face-to-face PEI for patients with breast cancer is potentially effective in improving knowledge, resilience, and quality of life during and after chemotherapy. In the current study, PEI significantly improved disease care techniques, reduced chemotherapy-related discomfort, and improved quality of life for participants in the experimental group. 