The effect of a randomized controlled <intervention>physical activity</intervention> trial on health related quality of life in metabolically unhealthy <ethinicity>African-American</ethinicity> women: FIERCE STUDY. African-American women (AAW) are more likely to be metabolically unhealthy than White women (WW). Metabolic syndrome (MetS) is associated with increased breast cancer risk and mortality from breast cancer is greater in AAW compared to WW. Data show MetS affects health-related quality of life (HRQoL). Exercise studies report improvements in MetS, however, no study to date has examined HRQoL in metabolically unhealthy AAW enrolled in an exercise trial. This report examined the effect of a <duration>6-month</duration>, 3-arm (supervised exercise, home-based exercise, <control>control</control>) randomized exercise controlled trial on HRQoL among <No-of-participants>213</No-of-participants> <eligibility>obese, metabolically unhealthy, postmenopausal AAW at high risk for breast cancer</eligibility>. Certain baseline participant characteristics were related to baseline HRQoL dimensions. The "exercise group" (supervised group combined with the home-based group) showed significantly greater <outcome>improvement in health change scores</outcome> (M = 13.6, SD = 3.1) compared to the control group (M = 0.7, SD = 4.4) (p = 0.02) over the 6-month study period. There were no significant <outcome>differences in HRQoL change scores</outcome> between the 3 study groups, however, although non-significant, data indicated most HRQoL change scores were more favorable in the supervised group. While significant improvement occurred in health change scores in the combined supervised and home-based group compared to the control group, we did not observe any significant differences on HRQoL change scores between all three study groups. However, while non-significant, there was a trend for more favorable HRQoL change scores in the supervised group versus the home-based and control groups. Additional research is needed to further explore this topic.  