Prevention of <condition>acute radiodermatitis</condition> by <intervention>photobiomodulation</intervention>: A randomized, placebo-controlled trial in breast cancer patients (TRANSDERMIS trial). Acute radiodermatitis (RD) is a distressing and painful skin reaction that occurs in 95% of the patients undergoing radiotherapy (RT). The aim of this study was to evaluate the effectiveness of <intervention>photobiomodulation therapy (PBMT)</intervention> in the prevention of acute RD in breast cancer (BC) patients undergoing RT. This study was a randomized, placebo-controlled trial including <No-of-participants>120</No-of-participants> <eligibility>BC patients that underwent an identical RT regimen post-lumpectomy</eligibility>. Patients were randomly assigned to the laser therapy (LT) or <control>placebo</control> group, with <intervention-participants>60</intervention-participant<control-participants>s></control-participants> patients in each group. Laser or placebo treatments were applied 2 days a week, immediately after the RT session, starting at the first day of RT. PBMT was delivered using a class IV MLS® M6 laser that combines two synchronized laser diodes in the infrared range (808-905 nm) with a fixed energy density (4 J/cm2 ). <outcome-Measure>Skin reactions</outcome-Measure> were scored based on the criteria of the Radiation Therapy Oncology Group (RTOG) and the Radiation-Induced Skin Reaction Assessment Scale (RISRAS). The patients completed the Skindex-16 questionnaire to evaluate their <outcome-Measure>quality of life</outcome-Measure>. All the measurements were collected at the first day, at a RT dose of 40 Gray (Gy), and at the end of RT (total dose 66 Gy). At a RT dose of 40 Gy, there was no significant difference between the groups in the distribution of RTOG grades. However, at the end of RT the <outcome>severity of the skin reactions</outcome> significantly differed between the two groups (P = 0.004), with a larger percentage of patients experiencing <outcome>RTOG grade 2 or higher</outcome> (e.g., moist desquamation) in the placebo group (<control-value>30%</control-value> vs. <intervention-value>6.7%</intervention-value>, for the placebo and laser group, resp.). The objective RISRAS score confirmed these results. In addition, the Skindex-16 and RISRAS subjective score demonstrated that the patients' <outcome>quality of life</outcome> was significantly better in the LT than in the control group. The results of this trial show that PBMT is an effective tool to prevent the development of grade 2 acute RD or higher in BC patients. In addition, it also reduces the patients' symptoms related to RD. Lasers Surg. Med. © 2018 Wiley Periodicals, Inc.  