<intervention>L-Thyroxine</intervention> intake as a potential risk factor for the development of fatigue in breast cancer patients undergoing chemotherapy. L-Thyroxine is one of the most commonly prescribed drugs and accordingly used by many breast cancer patients with thyroid disorders. Hence, potential interactions of chemotherapy with L-thyroxine, possibly contributing to fatigue, would be of high clinical relevance. Therefore, we investigated fatigue and underlying pathways in L-thyroxine-using breast cancer patients during chemotherapy. Thyroid-stimulating hormone (TSH), L-triiodothyronine (T3), and diurnal salivary cortisol patterns were analyzed in breast cancer patients in the beginning and at the end of adjuvant chemotherapy within the <control>control group</control> (n = <control-participants>41</control-participants>) of a randomized exercise intervention trial. Additionally, relationships in the exercising group (n = <intervention-participants>45</intervention-participants>) as well as in healthy women (n = <intervention-participants>25</intervention-participants>) were explored. Regression and mediation analyses were performed. L-Thyroxine use was significantly associated with <outcome>lower TSH</outcome> (median = 0.33 mU/l, interquartile range = (0.15-0.48)), whereas patients not using L-thyroxine had TSH comparable to healthy women (0.51 mU/l (0.37-0.74)). <outcome>T3 significantly declined</outcome> during chemotherapy in L-thyroxine users but not in non-users. However, the group difference failed statistical significance. L-Thyroxine treatment was significantly associated with increased <outcome>physical fatigue</outcome> during chemotherapy (p = 0.004) in the non-exercising group. This association appeared to be partly mediated by TSH. Further, TSH appeared to affect fatigue partly via increased cortisol levels. In the exercise group, there was no significant association between L-thyroxine and fatigue. L-Thyroxine treatment during chemotherapy might result in hormonal dysregulations that can contribute to increased physical fatigue. Therefore, breast cancer patients on L-thyroxine treatment may need special monitoring of their thyroid levels and of fatigue during chemotherapy and should be encouraged to exercise. ClinicalTrials.gov NCT01106820. 