The <intervention>Prosigna gene expression assay</intervention> and responsiveness to adjuvant cyclophosphamide-based chemotherapy in <eligibility>premenopausal high-risk patients with breast cancer</eligibility>. The PAM50-based (Prosigna) risk of recurrence (ROR) score and intrinsic subtypes are prognostic for women with high-risk breast cancer. We investigate the predictive ability of Prosigna regarding the effectiveness of cyclophosphamide-based adjuvant chemotherapy in premenopausal patients with high-risk breast cancer. Prosigna assays were performed on the NanoString platform in tumors from participants in <ethinicity>Danish</ethinicity> Breast Cancer Group (DBCG) 77B, a four-arm trial that randomized <eligibility>premenopausal women with high-risk early breast cancer</eligibility> to <control>no systemic treatment,</control> levamisole, oral cyclophosphamide (C) or cyclophosphamide, methotrexate and fluorouracil (CMF). In total, this retrospective analysis included <No-of-participants>460</No-of-participants> women (40% of the 1146 randomized patients). The continuous Prosigna ROR score was prognostic in the no systemic treatment group (unadjusted P &lt;0.001 for <outcome>disease-free survival (DFS)</outcome>, P = 0.001 for <outcome>overall survival (OS)</outcome>). No statistically significant interaction of continuous ROR score and treatment on DFS and OS was found. A highly significant association was observed between intrinsic subtypes and C/CMF treatment for DFS (Pinteraction = 0.003 unadjusted, P = 0.001 adjusted) and OS (Pinteraction = 0.04). In the adjusted analysis treatment with C/CMF was associated with a reduced risk of <outcome>DFS events</outcome> in patients with basal-like (hazard ratio (HR) 0.14; 95% CI 0.06; 0.32) and luminal B (HR 0.48; 95% CI 0.27; 0.84) subtypes but not in patients with Human epidermal growth factor receptor-enriched (HR 1.05; 95% CI 0.56; 1.95) or luminal A (HR 0.61; 95% CI 0.32; 1.16) subtypes. The Prosigna ROR score and intrinsic subtypes were prognostic in high-risk premenopausal patients with breast cancer, and intrinsic subtypes identify high-risk patients with or without major benefit from adjuvant C/CMF treatment. 