Efficacy and safety of <intervention>RGB-02</intervention>, a pegfilgrastim biosimilar to prevent <condition>chemotherapy-induced neutropenia</condition>: results of a randomized, double-blind phase III clinical study vs. reference pegfilgrastim in patients with breast cancer receiving chemotherapy. Treatment with recombinant human granulocyte-colony stimulating factor (G-CSF) is accepted standard for prevention of chemotherapy-induced neutropenia. RGB-02 (Gedeon Richter) is a proposed biosimilar to pegylated G-CSF (Neulasta®, Amgen) with sustained release properties. This is a randomized, comparative, double-blind, multicenter study to evaluate efficacy and safety of RGB-02 in <eligibility>breast cancer patients receiving cytotoxic regimen</eligibility>. <No-of-participants>Two hundred thirty-nine</No-of-participants> women presenting with breast cancer were randomized to RGB-02 (n = <intervention-participants>121</intervention-participants>) and the <control>reference product</control> (n = <control-participants>118</control-participants>). All patients received up to 6 cycles of docetaxel/doxorubicin chemotherapy combination and a once-per-cycle injection of a fixed 6 mg dose of pegfilgrastim. Primary endpoint was the <outcome-Measure>duration of severe neutropenia (ANC &lt; 0.5 × 109/L) in Cycle 1</outcome-Measure> (2-sided CI 95%). Secondary endpoints included <outcome-Measure>incidence and duration of severe neutropenia (in cycles 2-4)</outcome-Measure>, <outcome-Measure>incidence of febrile neutropenia</outcome-Measure>, <outcome-Measure>time to ANC recovery</outcome-Measure>, <outcome-Measure>depth of ANC nadir,</outcome-Measure> and <outcome-Measure>safety outcomes</outcome-Measure>. The <outcome>mean duration of severe neutropenia in Cycle 1</outcome> was 1.7 (RGB-02) and 1.6 days (reference), with a difference (LS Mean) of 0.1 days (95% CI -0.2, 0.4). Equivalence could be established as the CI for the difference in LS Mean lay entirely within the pre-defined range of ±1 day. This positive result was supported by the analysis of secondary endpoints, which also revealed no clinical meaningful differences. <outcome>Safety profiles</outcome> were comparable between groups. No neutralizing antibodies against pegfilgrastim were identified. Treatment equivalence in reducing the duration of chemotherapy induced neutropenia between RGB-02 and Neulasta® could be demonstrated. Similar efficacy and safety profiles of the once-per-cycle administration of RGB-02 and the pegfilgrastim reference were demonstrated. The trial was registered prospectively, prior to study initiation. EudraCT number ( 2013-003166-14 ). The date of registration was 12 July, 2013. 