<intervention>Acute aerobic exercise</intervention> effects on cognitive function in breast cancer survivors: a randomized crossover trial. Many breast cancer survivors (BCS) report deficits in cognitive function. Physical activity (PA) has been associated with better processing speed and memory in healthy adults and thus may be a useful method for improving cognition in BCS. The purpose of this study was to examine the effects of an acute bout of PA on processing speed and spatial working memory in a sample of BCS. Using a repeated measures, crossover design, BCS [N = <No-of-participants>27</No-of-participants>; <average-age>Mage (SD) = 49.11(8.05)]</average-age> completed two sessions in counterbalanced order: 30 min of moderate-intensity treadmill walking and 30 min of seated rest. Women completed cognitive tasks immediately before and after each session. Within-subjects repeated measures analyses of variance revealed a significant time by session effect for processing speed reaction time [F (1,25) = 5.02, p = .03, η2 = 0.17]. This interaction was driven by significantly reduced reaction time (e.g., faster response) post-exercise and no change post-rest. Further between-subjects analyses indicated a significant time by session by moderate to vigorous physical activity (MVPA) split [F (1,25) = 5.23, p = .03, η2 = 0.17], such that women who engaged in ≥45 min of <outcome>average daily MVPA</outcome> reduced their <outcome>reaction time post-exercise</outcome> (p = .01) and <outcome>increased RT post-rest</outcome> (p = .06). <outcome>Time by session effects for spatial working memory 3-item accuracy and 4-item reaction time</outcome> trended towards significance, p = 0.08 and p = 0.10, respectively, again driven by better performance post-exercise. The moderate <outcome>effect of acute exercise on domains of memory and processing speed in BCS</outcome> is encouraging. Cancer-related cognitive impairment remains largely misunderstood; however, the results from the present study offer preliminary evidence for the positive relationship between acute exercise and cognition in BCS. ClinicalTrials.gov NCT02592070 . Registered 30 October 2015. Retroactively registered. 