Efficacy of <intervention>denosumab</intervention> for restoring normal <condition>bone mineral density</condition> in women receiving adjuvant aromatase inhibitors for early breast cancer. Osteoporosis is a major side effect of aromatase inhibitors (AIs), which are greatly effective in the treatment of breast cancer. However, there are no satisfactory measures against osteoporosis. In this multicenter, randomized, comparative study, we evaluate the efficacy of denosumab for preventing loss of bone mineral density (BMD) induced by adjuvant therapy with AI s in breast cancer patients with normal BMD. The bone loss-suppressing effect of denosumab will be comparatively evaluated in <eligibility>postmenopausal patients scheduled to receive letrozole or anastrozole as a postoperative endocrine therapy for stage I-IIIA hormone-sensitive breast cancer</eligibility> and a <control>control group</control>. Patients will be administered letrozole 2.5 mg or anastrozole 1 mg once a day, and the treatment will be continued for <duration>5 years</duration> unless recurrence, secondary cancer, or unacceptable toxicity develops. Patients in the denosumab group will receive a subcutaneous injection of 60 mg of denosumab every 6 months. The primary endpoint is the <outcome-Measure>rate of change in the lumbar spine (L1-L4) BMD</outcome-Measure>, as determined by dual-energy X-ray absorptiometry (DXA), 12 months after the start of the injection. The secondary endpoints were <outcome-Measure>ETHICS AND DISSEMINATION</outcome-Measure>:: The protocol was approved by the institutional review boards of Kyoto Prefectural University of Medicine and all the participating faculties. Written informed consent was obtained from all patients before registration, in accordance with the Declaration of Helsinki. Results of the study will be disseminated via publications in peer-reviewed journals. Clinical Trials.gov Identifier: NCT03324932, Japan Registry of Clinical Trial (jRCT): CRB5180001. 