Dose-dependent effect of <intervention>aerobic exercise</intervention> on inflammatory biomarkers in a randomized controlled trial of women at high risk of breast cancer. Increased levels of inflammation are associated with many diseases, including cancer. Physical activity can lower breast cancer risk as well as levels of inflammation. The Women In Steady Exercise Research (WISER) Sister trial was a randomized controlled trial that investigated the effects of a dosed, moderate to vigorous, aerobic exercise intervention on levels of inflammation in <eligibility>premenopausal women who were at high risk of developing breast cance</eligibility>r. Participants were randomized to <control>control</control> (&lt;5 minutes per week; <control-participants>41</control-participants> patients), low-dose exercise (150 minutes per week; <intervention-participants>38</intervention-participants> patients), or high-dose exercise (300 minutes per week; <intervention-participants>37</intervention-participants> patients) groups. The 5-menstrual cycles-long, home-based treadmill exercise intervention gradually increased in minutes per week and intensity up to a maximum of 80% of the age-predicted maximum heart rate. Blood was collected at baseline and at follow-up and assayed for <outcome-Measure>chemokine (C-C motif) ligand 2 (CCL2), interleukin 10 (IL-10), interleukin 12 (IL-12), and tumor necrosis factor α (TNF-α)</outcome-Measure>. A linear dose-response relationship was observed for the <outcome>proinflammatory biomarkers CCL2</outcome> (%Δ of -5.44% in the control group, -0.03% in the low-dose exercise group, and 1.54% in the high-dose exercise group), <outcome>IL-12</outcome> (%Δ of -21.5% in the control group, 38.2% in the low-dose exercise group, and 25.8% in the high-dose exercise group,) and <outcome>TNF-α</outcome> (%Δ of -4.69% in the control group, 9.51% in the low-dose exercise group, and 15.7% in the high-dose exercise group) but not for the <outcome>anti-inflammatory biomarker</outcome> IL-10 (%Δ of 5.05% in the control group, 6.05% in the low-dose exercise group, and 10.6% in the high-dose exercise group). For <outcome>IL-12 and TNF-α, the percentage change</outcome> was significantly higher in the <outcome>low-dose (IL-12</outcome>: P &lt;.001; and TNF-α: P = .01) and <outcome>high-dose (IL-12</outcome>: P &lt;.001; and TNF-α: P &lt;.001) exercise groups compared with the control group. Moderate to vigorous aerobic exercise appeared to increase levels of proinflammatory biomarkers in a dose-dependent manner in a population of healthy women at high risk of developing breast cancer. The results of the current study suggest that for healthy premenopausal women, the mechanism of reduced breast cancer risk observed in physically active individuals may not be a result of reduced levels of inflammation.  