Behavioral and psychological impact of returning breast density results to <ethinicity>Latinas</ethinicity>: study protocol for a randomized clinical trial. Breast cancer is the most common cancer and the leading cause of cancer mortality among Latinas. As more is learned about the association between mammographic breast density (MBD) and breast cancer risk, a number of U.S. states adopted legislation and now a federal law mandates written notification of MBD along with mammogram results. These notifications vary in content and readability, though, which may limit their effectiveness and create confusion or concern, especially among women with low health literacy or barriers to screening. The purpose of this study is to determine whether <intervention>educational enhancement of MBD</intervention> notification results in increased knowledge, decreased anxiety, and adherence to continued mammography screening among Latina women in a limited-resources setting. Latinas LEarning About Density (LLEAD) is a randomized clinical trial (RCT) comparing the impact of three notification approaches on behavioral and psychological outcomes in Latina women. Approximately <No-of-participants>2000</No-of-participants> <eligibility>Latinas undergoing screening mammography in a safety-net community clinic</eligibility> will be randomized 1:1:1 to <control>mailed notification (usual care)</control>; mailed notification plus written educational materials (enhanced); or mailed notification, written educational materials, plus verbal explanation by a promotora (interpersonal). The educational materials and verbal explanations are available in Spanish or English. Mechanisms through which written or verbal information influences future screening motivation and behavior will be examined, as well as moderating factors such as depression and worry about breast cancer, which have been linked to diagnostic delays among Latinas. The study includes <outcome-Measure>multiple psychological measures (anxiety, depression, knowledge about MBD, perceived risk of breast cancer, worry, self-efficacy) and behavioral outcomes (continued adherence to mammography)</outcome-Measure>. Measurement time points include <outcome-Measure>enrollment, 2-4â€‰weeks post-randomization, and 1 and 2 years post-randomization</outcome-Measure>. Qualitative inquiry related to process and outcomes of the interpersonal arm and cost analysis related to its implementation will be undertaken to understand the intervention's delivery and transferability. Legislation mandating written MBD notification may have unintended consequences on behavioral and psychological outcomes, particularly among Latinas with limited health literacy and resources. This study has implications for cancer risk communication and will offer evidence on the potential of generalizable educational strategies for delivering information on breast density to Latinas in limited-resource settings. ClinicalTrials.gov, NCT02910986. Registered on 21 September 2016. Items from the WHO Trial Registration Data Set can be found in this protocol. 