<intervention>Tamoxifen</intervention>, <intervention>radiation therapy</intervention>, or both for prevention of <condition>ipsilateral breast tumor recurrence</condition> after lumpectomy in <eligibility>women with invasive breast cancers of one centimeter or less</eligibility>. This trial was prompted by uncertainty about the need for breast irradiation after lumpectomy in node-negative women with invasive breast cancers of &lt; = 1 cm, by speculation that tamoxifen (TAM) might be as or more effective than radiation therapy (XRT) in reducing the rate of ipsilateral breast tumor recurrence (IBTR) in such women, and by the thesis that both modalities might be more effective than either alone. After lumpectomy, <No-of-participants>1,009</No-of-participants> women were randomly assigned to TAM (n = <intervention-participants>336</intervention-participants>), <control>XRT and placebo</control> (n = <control-participants>336</control-participants>), or XRT and TAM (n = <intervention-participants>337</intervention-participants>). <outcome-Measure>Rates of IBTR</outcome-Measure>, <outcome-Measure>distant recurrence</outcome-Measure>, and <outcome-Measure>contralateral breast cancer</outcome-Measure> (CBC) were among the end points for analysis. Cumulative incidence of IBTR and of CBC was computed accounting for competing risks. Results with two-sided P values of.05 or less were statistically significant. XRT and placebo resulted in a <control-value>49%</control-value> <outcome>lower hazard rate of IBTR</outcome> than did TAM alone; XRT and TAM resulted in a <intervention-value>63%</intervention-value> lower rate than did XRT and placebo. When compared with TAM alone, XRT plus TAM resulted in an <intervention-value>81%</intervention-value> <outcome>reduction in hazard rate of IBTR</outcome>. <outcome>Cumulative incidence of IBTR through 8 years</outcome> was <intervention-value>16.5%</intervention-value> with TAM, <control-value>9.3%</control-value> with XRT and placebo, and <intervention-value>2.8%</intervention-value> with XRT and TAM. XRT reduced IBTR below the level achieved with TAM alone, regardless of estrogen receptor (ER) status. <outcome>Distant treatment failures were infrequent and not significantly different</outcome> among the groups (P =.28). When TAM-treated women were compared with those who received XRT and placebo, there was a <outcome>significant reduction in CBC</outcome> (hazard ratio, 0.45; 95% confidence interval, 0.21 to 0.95; P =.039). <outcome>Survival</outcome> in the three groups was <intervention-value>93%</intervention-value>, <control-value>94%</control-value>, and <intervention-value>93%</intervention-value>, respectively (P =.93). In women with tumors &lt; = 1 cm, IBTR occurs with enough frequency after lumpectomy to justify considering XRT, regardless of tumor ER status, and TAM plus XRT when tumors are ER positive. 