Patient-reported symptoms and quality of life during treatment with <intervention>tamoxifen</intervention> or <control>raloxifene</control> for breast cancer prevention: the NSABP Study of Tamoxifen and Raloxifene (STAR) P-2 trial. Tamoxifen has been approved for breast cancer risk reduction in high-risk women, but how raloxifene compares with tamoxifen is unknown. To compare the differences in patient-reported outcomes, quality of life [QOL], and symptoms in Study of Tamoxifen and Raloxifene (STAR) participants by treatment assignment. STAR was a double-blind, randomized phase 3 prevention trial designed to evaluate the relative efficacy of raloxifene vs tamoxifen in reducing the incidence of invasive breast cancer in <eligibility>high-risk postmenopausal women</eligibility>. <duration>Between July 1, 1999, and November 4, 2004</duration>, <No-of-participants>19,747</No-of-participants> participants were enrolled at centers throughout <location>North America</location>, with a median potential follow-up time of 4.6 years (range, 1.2-6.5 years). <outcome-Measure>Patient-reported symptoms</outcome-Measure> were collected from all participants using a 36-item symptom checklist. <outcome-Measure>Quality of life</outcome-Measure> was measured with the Medical Outcomes Study Short-Form Health Survey (SF-36), the Center for Epidemiologic Studies-Depression (CES-D), and the Medical Outcomes Study Sexual Activity Questionnaire in a substudy of <No-of-participants>1983</No-of-participants> participants, median potential follow-up 5.4 years (range, 4.6-6.0 years). Questionnaires were administered before treatment, every 6 months for 60 months and at 72 months. Primary QOL end points were the <outcome-Measure>SF-36 physical (PCS) and mental (MCS) component summaries</outcome-Measure>. Among women in the QOL analysis, <outcome>mean PCS, MCS, and CES-D scores worsened</outcome> modestly over the study's 60 months, with no significant difference between the tamoxifen (n = <intervention-participants>973</intervention-participants>) and raloxifene (n = <control-participants>1010</control-participants>) groups (P>.2). <outcome>Sexual function</outcome> was slightly better for participants assigned to tamoxifen (age-adjusted repeated measure odds ratio, 1.22%; 95% CI, 1.01-1.46). Of the women in the symptom assessment analyses, the <control-participants>9769</control-participants> in the raloxifene group reported greater mean symptom severity over 60 months of assessments than the <intervention-participants>9743</intervention-participants> in the tamoxifen group for <outcome>musculoskeletal problems</outcome> (<intervention-value>1.15</intervention-value> vs <control-value>1.10</control-value>, P = .002), <outcome>dyspareunia</outcome> (<intervention-value>0.78</intervention-value> vs <control-value>0.68</control-value>, P&lt;.001), and <outcome>weight gain</outcome> (<intervention-value>0.82</intervention-value> vs <control-value>0.76</control-value>, P&lt;.001). Women in the tamoxifen group reported greater mean symptom <outcome>severity for gynecological problems</outcome> (<intervention-value>0.29</intervention-value> vs <control-value>0.19</control-value>, P&lt;.001), <outcome>vasomotor symptoms</outcome> (<intervention-value>0.96</intervention-value> vs <control-value>0.85</control-value>, P&lt;.001), <outcome>leg cramps</outcome> (<intervention-value>1.10</intervention-value> vs <control-value>0.91</control-value>, P&lt;.001), and <outcome>bladder control symptoms</outcome> (<intervention-value>0.88</intervention-value> vs <control-value>0.73</control-value>, P&lt;.001). No significant differences existed between the tamoxifen and raloxifene groups in <outcome>patient-reported outcomes for physical health, mental health, and depression</outcome>, although the tamoxifen group reported better sexual function. Although mean symptom severity was low among these postmenopausal women, those in the tamoxifen group reported more gynecological problems, vasomotor symptoms, leg cramps, and bladder control problems, whereas women in the raloxifene group reported more musculoskeletal problems, dyspareunia, and weight gain. clinicaltrials.gov Identifier: NCT00003906. 