A prospective randomized, placebo-controlled skin care study in women diagnosed with breast cancer undergoing radiation therapy. To compare the effectiveness of three different <intervention>skin care products</intervention> versus a <control>placebo</control> in reducing the incidence of <condition>radiation therapy-induced skin reactions</condition> prophylactically. Prospective randomized, double-blinded, placebo-controlled study. A radiation oncology department at a National Cancer Institute-designated comprehensive cancer center in the <location>southeastern United States</location>. <No-of-participants>208</No-of-participants> women with breast cancer who were to receive whole breast radiation therapy. Patients were invited to participate after radiation therapy was documented as part of their treatment plan. Patients applied a skin care product starting on the first day of treatment and were assessed weekly by their radiation oncology nurse. Skin reaction score and skin product. None of the products were statistically better than placebo in <outcome>preventing skin reactions</outcome>. <outcome>Increases in skin reaction</outcome> over time did not vary with treatment group for the linear (p = 0.16) and nonlinear (p = 0.94) effects of time and for both time components tested together (p = 0.41). Ninety-five % of women participating in this study experienced a <outcome>radiation therapy-induced skin reaction</outcome>. The development of guidelines to support safe patient care is encouraged because patients prefer to take action rather than do nothing. However, the findings do not demonstrate improved clinical outcomes with the use of skin care products. Healthcare providers should proactively educate patients about acute skin reactions and self-care strategies to minimize skin breakdown. 