Bone density and structure in healthy postmenopausal women treated with <intervention>exemestane</intervention> for the primary prevention of breast cancer: a nested substudy of the MAP.3 randomised controlled trial. Exemestane can prevent breast cancer in postmenopausal women. Because of potential widespread use, we examined the safety of exemestane on bone health. In this nested safety substudy of the MAP.3 trial (a randomised, placebo-controlled, double-blind trial of exemestane 25 mg a day for the primary prevention of breast cancer), we included <eligibility>postmenopausal women from five centres who were eligible to participate in MAP.3, not osteoporotic, not receiving drugs for bone-related disorders, with baseline lumbar spine, total hip, and femoral neck T-scores above -2.0</eligibility>. The primary endpoint was % change from baseline to 2 years in <outcome-Measure>total volumetric bone mineral density (BMD) at the distal radius</outcome-Measure> by high-resolution peripheral quantitative CT. The primary analysis was per protocol using a non-inferiority margin. This analysis was done earlier than originally planned because of the impending announcement of MAP.3 results and subsequent unmasking of patients to treatment assignment. This study is registered with ClinicalTrials.gov, number NCT01144468, and has been extended to 5 years of unmasked follow-up. <No-of-participants>351</No-of-participants> women (<intervention-participants>176</intervention-participants> given exemestane, <control-participants>175</control-participants> given <control>placebo</control>; median age <average-age>61.3 years</average-age> [IQR 59.2-64.9]) met our inclusion criteria and completed baseline assessment. At the time of clinical cutoff, <No-of-participants>242</No-of-participants> women had completed 2-year follow-up (<intervention-participants>124</intervention-participants> given exemestane, <control-participants>118</control-participants> given placebo). From baseline to 2 years, the <outcome>mean % change in total volumetric BMD at the distal radius</outcome> was <intervention-value>-6.1%</intervention-value> (95% CI -7.0 to -5.2) in the exemestane group and <control-value>-1.8%</control-value> (-2.4 to -1.2) in the placebo group (difference -4.3%, 95% CI -5.3 to -3.2; p&lt;.0001). The lower limit of the 95% CI was lower than our non-inferiority margin of negative 4% (one-sided test for non-inferiority p=0.70), meaning the hypothesis that exemestane was inferior could not be rejected. At the distal tibia, the <outcome>mean % change in total volumetric BMD from baseline to 2 years</outcome> was <intervention-value>-5.0%</intervention-value> (95% CI -5.5 to -4.4) in the exemestane group and <control-value>-1.3%</control-value> (-1.7 to -1.0) in the placebo group (difference -3.7%, 95% CI -4.3 to -3.0; p&lt;.0001). The <outcome>mean % change in cortical thickness</outcome> was <intervention-value>-7.9%</intervention-value> (SD 7.3) in the exemestane group and <control-value>-1.1%</control-value> (5.7) in the placebo group <outcome>at the distal radius</outcome> (difference -6.8%, 95% CI -8.5 to -5.0; p&lt;.0001) and <intervention-value>-7.6%</intervention-value> (SD 5.9) in the exemestane group and <control-value>-0.7%</control-value> (4.9) in the placebo group <outcome>at the distal tibia</outcome> (difference -6.9%, -8.4 to -5.5; p&lt;.0001). <outcome>Decline in areal BMD</outcome>, as measured by dual-energy x-ray absorptiometry, in the exemestane group compared with the placebo group occurred <outcome>at the lumbar spine</outcome> (<intervention-value>-2.4%</intervention-value> [95% CI -3.1 to -1.7] exemestane vs <control-value>-0.5%</control-value> [-1.1 to 0.2] placebo; difference -1.9%, 95% CI -2.9 to -1.0; p&lt;.0001), <outcome>total hip</outcome> (<intervention-value>-1.8%</intervention-value> [-2.3 to -1.2] exemestane vs <control-value>-0.6%</control-value> [-1.1 to -0.1] placebo; difference -1.2%, -1.9 to -0.4; p=0.004), and <outcome>femoral neck</outcome> (<intervention-value>-2.4%</intervention-value> [-3.2 to -1.7] exemestane vs <control-value>-0.8%</control-value> [-1.5 to 0.1] placebo; difference -1.6%, -2.7 to -0.6; p=0.002). 2 years of treatment with exemestane worsens age-related bone loss in postmenopausal women despite calcium and vitamin D supplementation. Women considering exemestane for the primary prevention of breast cancer should weigh their individual risks and benefits. For women taking exemestane, regular bone monitoring plus adequate calcium and vitamin D supplementation are important. To assess the effect of our findings on fracture risk, long-term follow-up is needed. Canadian Breast Cancer Research Alliance (Canadian Institutes of Health Research/Canadian Cancer Society).  