Can treatment with <intervention>Cocculine</intervention> improve the control of <condition>chemotherapy-induced emesis</condition> in early breast cancer patients? A randomized, multi-centered, double-blind, placebo-controlled Phase III trial. Chemotherapy induced nausea and vomiting (CINV) remains a major problem that seriously impairs the quality of life (QoL) in cancer patients receiving chemotherapy regimens. Complementary medicines, including homeopathy, are used by many patients with cancer, usually alongside with conventional treatment. A randomized, placebo-controlled Phase III study was conducted to evaluate the efficacy of a complex homeopathic medicine, Cocculine, in the control of CINV in non-metastatic breast cancer patients treated by standard chemotherapy regimens. <eligibility>Chemotherapy-naïve patients with non-metastatic breast cancer</eligibility> scheduled to receive 6 cycles of chemotherapy including at least three initial cycles of FAC 50, FEC 100 or TAC were randomized to receive standard anti-emetic treatment plus either a complex homeopathic remedy (Cocculine, registered in France for treatment of nausea and travel sickness) or the matching <control>placebo</control> (NCT00409071 clinicaltrials.gov). The primary endpoint was <outcome-Measure>nausea score</outcome-Measure> measured after the 1st chemotherapy course using the FLIE questionnaire (Functional Living Index for Emesis) with 5-day recall. Secondary endpoints were: <outcome-Measure>vomiting</outcome-Measure> measured by the FLIE score, <outcome-Measure>nausea and vomiting</outcome-Measure> measured by patient self-evaluation (EVA) and <outcome-Measure>investigator recording (NCI-CTC AE V3.0)</outcome-Measure> and <outcome-Measure>treatment compliance</outcome-Measure>. <duration>From September 2005 to January 2008</duration>, <No-of-participants>431</No-of-participants> patients were randomized: <intervention-participants>214</intervention-participants> to Cocculine (C) and <control-participants>217</control-participants> to placebo (P). Patient characteristics were well-balanced between the 2 arms. Overall, compliance to study treatments was excellent and similar between the 2 arms. A total of 205 patients (50.9%; <control-value>103</control-value> patients in the placebo and <intervention-value>102</intervention-value> in the homeopathy arms) had <outcome>nausea FLIE scores > 6</outcome> indicative of no impact of nausea on quality of life during the 1st chemotherapy course. There was no difference between the 2 arms when primary endpoint analysis was performed by chemotherapy stratum; or in the subgroup of patients with susceptibility to nausea and vomiting before inclusion. In addition, <outcome>nausea, vomiting and global emesis FLIE scores</outcome> were not statistically different at any time between the two study arms. The frequencies of severe (Grade ≥ 2) nausea and vomiting were low in our study (<outcome>nausea</outcome>: P: <control-value>17.6%</control-value> vs C: <intervention-value>15.7%</intervention-value>, p=0.62; <outcome>vomiting</outcome>: P: <control-value>10.8%</control-value> vs C: <intervention-value>12.0%</intervention-value>, p=0.72 during the first course). This double-blinded, placebo-controlled, randomised Phase III study showed that adding a complex homeopathic medicine (Cocculine) to standard anti-emetic prophylaxis does not improve the control of CINV in early breast cancer patients. 