The clinical relevance of <intervention>axillary reverse mapping (ARM)</intervention>: study protocol for a randomized controlled trial. Axillary lymph node dissection (ALND) in patients with breast cancer has the potential to induce side-effects, including upper-limb lymphedema. Axillary reverse mapping (ARM) is a technique that enables discrimination of the lymphatic drainage of the breast from that of the upper limb in the axillary lymph node (LN) basin. If lymphedema is caused by removing these lymphatics and nodes in the upper limb, the possibility of identifying these lymphatics would enable surgeons to preserve them. The aim of this study is to determine the clinical relevance of selective axillary LN and lymphatic preservation by means of ARM. To minimize the risk of overlooking tumor-positive ARM nodes and the associated risk of undertreatment, we will only include patients with a tumor-positive sentinel lymph node (SLN). Patients who are candidates for ALND because of a proven positive axillary LN at clinical examination can be included in a registration study. The study will enroll <No-of-participants>280</No-of-participants> <eligibility>patients diagnosed with SLN biopsy-proven metastasis of invasive breast cancer with an indication for a completion ALND</eligibility>. Patients will be randomized to undergo <control>standard ALND</control> or an ALND in which the ARM nodes and their corresponding lymphatics will be left in situ. Primary outcome is the presence of <outcome-Measure>axillary surgery-related lymphedema at 6, 12, and 24 months post-operatively</outcome-Measure>, measured by the water-displacement method. Secondary outcome measures include <outcome-Measure>pain</outcome-Measure>, <outcome-Measure>paresthesia</outcome-Measure>, <outcome-Measure>numbness, and loss of shoulder mobility</outcome-Measure>, <outcome-Measure>quality of life</outcome-Measure>, and <outcome-Measure>axillary recurrence risk</outcome-Measure>. The benefit of ALND in patients with a positive SLN is a subject of debate. For many patients, an ALND will remain the treatment of choice. This multicenter randomized trial will provide evidence of whether or not axillary LN preservation by means of ARM decreases the side-effects of an ALND. Enrolment of patients will start in April 2013 in five breast-cancer centers in the <location>Netherlands</location>, and is expected to conclude by April 2016. TC3698. 