<intervention>Risk-adapted targeted intraoperative radiotherapy</intervention> versus <control>whole-breast radiotherapy</control> for breast cancer: 5-year results for local control and overall survival from the TARGIT-A randomised trial. The TARGIT-A trial compared risk-adapted radiotherapy using single-dose targeted intraoperative radiotherapy (TARGIT) versus fractionated external beam radiotherapy (EBRT) for breast cancer. We report <duration>5-year</duration> results for local recurrence and the first analysis of overall survival. TARGIT-A was a randomised, non-inferiority trial. Women aged <average-age>45 years and older</average-age> with invasive ductal carcinoma were enrolled and randomly assigned in a 1:1 ratio to receive TARGIT or whole-breast EBRT, with blocks stratified by centre and by timing of delivery of targeted intraoperative radiotherapy: randomisation occurred either before lumpectomy (prepathology stratum, TARGIT concurrent with lumpectomy) or after lumpectomy (postpathology stratum, TARGIT given subsequently by reopening the wound). Patients in the TARGIT group received supplemental EBRT (excluding a boost) if unforeseen adverse features were detected on final pathology, thus radiotherapy was risk-adapted. The primary outcome was <outcome-Measure>absolute difference in local recurrence in the conserved breast</outcome-Measure>, with a prespecified non-inferiority margin of 2.5% at 5 years; prespecified analyses included outcomes as per timing of randomisation in relation to lumpectomy. Secondary outcomes included <outcome-Measure>complications and mortality</outcome-Measure>. This study is registered with ClinicalTrials.gov, number NCT00983684. Patients were enrolled at 33 centres in 11 countries, <duration>between March 24, 2000, and June 25, 2012</duration>. <intervention-participants>1721</intervention-participants> patients were randomised to TARGIT and <control-participants>1730</control-participants> to EBRT. Supplemental EBRT after TARGIT was necessary in 15.2% [239 of 1571] of patients who received TARGIT (21.6% prepathology, 3.6% postpathology). <No-of-participants>3451</No-of-participants> patients had a median follow-up of 2 years and 5 months (IQR 12-52 months), <No-of-participants>2020</No-of-participants> of 4 years, and <No-of-participants>1222</No-of-participants> of 5 years. The <outcome>5-year risk for local recurrence</outcome> in the conserved breast was <intervention-value>3.3%</intervention-value> (95% CI 2.1-5.1) for TARGIT versus <control-value>1.3%</control-value> (0.7-2.5) for EBRT (p=0.042). <outcome>TARGIT concurrently with lumpectomy (prepathology</outcome>, n=2298) had much the same results as EBRT: <intervention-value>2.1%</intervention-value> (1.1-4.2) versus <control-value>1.1%</control-value> (0.5-2.5; p=0.31). With <outcome>delayed TARGIT (postpathology</outcome>, n=1153) the between-group difference was larger than <intervention-value>2.5%</intervention-value> (TARGIT 5.4% [3.0-9.7] vs EBRT <control-value>1.7%</control-value> [0.6-4.9]; p=0.069). Overall, <outcome>breast cancer mortality</outcome> was much the same between groups (<intervention-value>2.6%</intervention-value> [1.5-4.3] for TARGIT vs <control-value>1.9%</control-value> [1.1-3.2] for EBRT; p=0.56) but there were significantly fewer <outcome>non-breast-cancer deaths</outcome> with TARGIT (<intervention-value>1.4%</intervention-value> [0.8-2.5] vs <control-value>3.5%</control-value> [2.3-5.2]; p=0.0086), attributable to fewer deaths from cardiovascular causes and other cancers. <outcome>Overall mortality</outcome> was <intervention-value>3.9%</intervention-value> (2.7-5.8) for TARGIT versus <control-value>5.3%</control-value> (3.9-7.3) for EBRT (p=0.099). Wound-related complications were much the same between groups but <outcome>grade 3 or 4 skin complications</outcome> were significantly reduced with TARGIT (<intervention-value>four</intervention-value> of <intervention-participants>1720</intervention-participants> vs <control-value>13</control-value> of <control-participants>1731</control-participants>, p=0.029). TARGIT concurrent with lumpectomy within a risk-adapted approach should be considered as an option for eligible patients with breast cancer carefully selected as per the TARGIT-A trial protocol, as an alternative to postoperative EBRT. University College London Hospitals (UCLH)/UCL Comprehensive Biomedical Research Centre, UCLH Charities, National Institute for Health Research Health Technology Assessment programme, Ninewells Cancer Campaign, National Health and Medical Research Council, and German Federal Ministry of Education and Research.  