Initial impact of <intervention>tailored web-based messages</intervention> about cigarette smoke and breast cancer risk on boys' and girls' risk perceptions and information seeking: randomized controlled trial. Recent evidence indicates a causal link between both active smoking and secondhand smoke (SHS) exposure and breast cancer (BC). The objective of the present study was to evaluate the initial reactions of girls and boys to tailored Web-based messages that describe the relationship between SHS and BC, using a parallel, single-blinded cluster randomized controlled trial. This trial was nested within a cycle of an ongoing longitudinal study of <No-of-participants>1498</No-of-participants> students from 74 secondary schools. <outcome-Measure>Self-reported assessments</outcome-Measure> were used to evaluate the impact of study messages on participants' risk perception and interest in obtaining additional information after participants were randomized by schools to control or intervention groups. The intervention group received a tailored visual message (based on gender and Aboriginal status) about BC and tobacco smoke. The <control>control group</control> received a standard visual message about smoking and cancer. SHS exposure was identified as a BC risk factor by 380/1488 (25.54%) participants, during the preintervention analysis. Compared to the female participants in the control group (<control-value>491</control-value>/<control-participants>839</control-participants>, <control-value>58.5%</control-value>), girls who received the intervention (<intervention-value>339</intervention-value>/<intervention-participants>649</intervention-participants>, <intervention-value>52.2%</intervention-value>) were 14% more likely to <outcome>agree that exposure to SHS increased their BC risk</outcome> (relative risk [RR] 1.14, 95% CI 1.07-1.21). Nonsmoking girls who received the intervention were <intervention-value>14%</intervention-value> more likely to <outcome>agree that starting smoking would increase their BC</outcome> risk (RR 1.14, 95% CI 1.07-1.21). Compared to the male participants in control group (<control-value>348</control-value>/<control-participants>839</control-participants>, <control-value>41.5%</control-value>), boys who received the intervention (<intervention-value>310</intervention-value>/<intervention-participants>649</intervention-participants>, <intervention-value>47.8%</intervention-value>) were 10% more likely to agree that <outcome>girls' exposure to SHS increased their BC</outcome> risk (RR 1.10, 95% CI 1.02-1.18). Compared to controls, girls who received the intervention were <intervention-value>52%</intervention-value> more likely to <outcome>request additional information about SHS and BC</outcome> (RR 1.52, 95% CI 1.12-2.06). Brief gender-sensitive messages delivered via the Internet have the potential to increase awareness and to stimulate information seeking about the risk for BC associated with SHS. 