Prone breast intensity modulated radiation therapy: <duration>5-year</duration> results. To report the 5-year results of a technique of <intervention>prone breast radiation therapy</intervention> delivered by a regimen of accelerated intensity modulated radiation therapy with a concurrent boost to the tumor bed. <duration>Between 2003 and 2006</duration>, <No-of-participants>404</No-of-participants> <eligibility>patients with stage I-II breast cancer</eligibility> were prospectively enrolled into 2 consecutive protocols, institutional trials 03-30 and 05-181, that used the same regimen of 40.5 Gy/15 fractions delivered to the index breast over 3 weeks, with a concomitant daily boost to the tumor bed of 0.5 Gy (total dose 48 Gy). All patients were treated after segmental mastectomy and had negative margins and nodal assessment. Patients were set up prone: only if lung or heart volumes were in the field was a supine setup attempted and chosen if found to better spare these organs. Ninety-two % of patients were treated prone, 8% supine. Seventy-two % had stage I, 28% stage II invasive breast cancer. In-field lung volume ranged from 0 to 228.27 cm(3), mean 19.65 cm(3). In-field heart volume for left breast cancer patients ranged from 0 to 21.24 cm(3), mean 1.59 cm(3). There was no heart in the field for right breast cancer patients. At a median follow-up of 5 years, the <outcome>5-year cumulative incidence of isolated ipsilateral breast tumor recurrence</outcome> was 0.82% (95% confidence interval [CI] 0.65%-1.04%). The <outcome>5-year cumulative incidence of regional recurrence</outcome> was 0.53% (95% CI 0.41%-0.69%), and the <outcome>5-year overall cumulative death rate</outcome> was 1.28% (95% CI 0.48%-3.38%). Eighty-two % (95% CI 77%-85%) of patients <outcome>judged their final cosmetic result as excellent/good</outcome>. Prone accelerated intensity modulated radiation therapy with a concomitant boost results in excellent local control and optimal sparing of heart and lung, with good cosmesis. Radiation Therapy Oncology Group protocol 1005, a phase 3, multi-institutional, randomized trial is ongoing and is evaluating the equivalence of a similar dose and fractionation approach to standard 6-week radiation therapy with a sequential boost.  