<intervention>Aspirin</intervention> and serum estrogens in <eligibility>postmenopausal women</eligibility>: a randomized controlled clinical trial. Epidemiologic studies suggest a reduced risk of breast cancer among women who use aspirin. A plausible mechanism is through aspirin's effect on estrogens, possibly mediated through interference with estrogen synthesis via reduction in inflammation, which is increased in adipose tissues, including breast. In a randomized placebo-controlled trial, we evaluated the effects of six-month administration of 325 mg/day aspirin on serum estrogens (estradiol, estrone, free estradiol, and bioavailable estradiol) and sex hormone-binding globulin (SHBG) in <No-of-participants>144</No-of-participants> <eligibility>healthy postmenopausal women</eligibility>. Eligible participants, recruited <duration>2005-2007</duration>, were not taking nonsteroidal anti-inflammatory medication, including aspirin >2 times/week or menopausal hormone therapy, and had a Breast Imaging-Reporting and Data System (BI-RADS) mammographic density classification of 2, 3, or 4. The intervention effects (intent-to-treat) were evaluated by <outcome-Measure>differences in the geometric mean outcome changes at six months</outcome-Measure> between aspirin and <control>placebo</control> groups using generalized estimating equations (GEE). Participants were a mean <average-age>59.4</average-age> (SD, 5.4) years of age, with a mean body mass index (BMI) of 26.4 (SD, 5.4) kg/m(2). Between baseline and six months, none of the <outcome>serum estrogens or SHBG</outcome> changed substantially and there were no differences between groups. <outcome>Stratifying by BMI</outcome> did not change results. In conclusion, a single daily administration of 325 mg of aspirin for six months had no effect on serum estrogens or SHBG in postmenopausal women. Larger doses or longer duration of aspirin administration may be needed to affect circulating estrogens. Alternately, if aspirin influences breast cancer risk in postmenopausal women, it may do so through direct breast tissue effects, or through pathways other than estrogens.  