[Effect of <intervention>Yoga</intervention> on <condition>cancer related fatigue</condition> in <eligibility>breast cancer patients with chemotherapy</eligibility>]. To evaluate the condition of cancer-related fatigue (CRF) in breast cancer patients with chemotherapy and to explore the effect of Yoga on it. After the completion of Yoga, <No-of-participants>100</No-of-participants> breast cancer patients with CRF (CFS>0) were selected and were randomly divided into the Yoga group and the <control>control group</control> (n=<intervention-participants>50</intervention-participants>). Patients in the control group only received routine cure and care while patients in the Yoga group received extra Yoga exercise, lasting for 4 months. Cancer fatigue scale (CFS) was evaluated in the 2nd, 4th and 6th round of chemotherapy. At the end, <No-of-participants>82</No-of-participants> cases qualified for the study, <control-participants>42</control-participants> cases for the control group and <intervention-participants>40</intervention-participants> for the Yoga group. The mean score of body fatigue was 12.67Â±3.46. There was no significant <outcome>difference in CRF</outcome> between the Yago group and the control group before the Yoga intervention (P>0.05). <outcome>After the 4th round of chemotherapy</outcome>, the <outcome>mean scores of CFS and body fatigue</outcome> in the Yoga group were significantly lower than that in the control group (P&lt;.05). <outcome>After the 6th round of chemotherapy</outcome>, the <outcome>mean scores of CFS, body fatigue and cognitive fatigue</outcome> in the Yoga group were lower than that in the control group (P&lt;.05). Repeated analysis of variance showed that the difference in the overall fatigue, body fatigue and cognitive fatigue between the Yoga group and the control group was significant (P&lt;.05); the time influence on the overall fatigue, body fatigue and emotional fatigue was significant difference between the 2 groups (P&lt;.05); there were interactions between the effect of Yago and time on the overall fatigue, body fatigue and cognitive fatigue (P&lt;.05). The body fatigue was more serious in breast cancer patients with chemotherapy. Yoga intervention could significantly reduce body fatigue, cognitive fatigue, thus reduce the overall fatigue in breast cancer patients with chemotherapy. 