The use of <intervention>Ligasure vessel sealing system</intervention> in axillary dissection; effect on <condition>seroma formation</condition>. Seroma formation is the most frequent postoperative complication after axillary dissection for breast surgery with an incidence of 10 - 50%. This prospective clinical randomized study was carried out to evaluate the Ligasure vessel sealing system and its effect on seromaformation and other complications for axillary dissection. <duration>Between January 2006 and November 2007</duration>, the patients with histopathological diagnosis of breast cancer were analysed prospectively. The <eligibility>patients with positive sentinel lymph node biopsy or clinical axillary involvement</eligibility> were included in the study, and the patients who underwent neoadjuvant therapy or using anticoagulants have been excluded from the study. Patients were divided into two study groups. Axillary dissection was performed in the first group by LigaSure and in the second group by linking and electrocautery. There were a total of <No-of-participants>thirty three</No-of-participants> patients with a mean age of <average-age>51.4 +- 13.7</average-age>. In group one, mean age of patients was 54.1 +- 13.2 and 48.68 +- 14.1 in group two. There was no significant statistical difference between the groups regarding age, body mass index, excised tissue weight,tumour size and number of excised lymph nodes. The use of Ligasure reduced <outcome>drainage amount and duration of drain till removal</outcome>, but increased <outcome>operative time</outcome>. There were no significant differences between study groups regarding the <outcome>complications</outcome>. LigaSure electrothermal bipolar vessel sealing system can be safely used in axillary dissection as an alternative to traditional methods.  