Changes in bone mineral density at <duration>3 years</duration> in postmenopausal women receiving <intervention>anastrozole</intervention> and <intervention>risedronate</intervention> in the IBIS-II bone substudy: an international, double-blind, randomised, placebo-controlled trial. Aromatase inhibitors prevent breast cancer in postmenopausal women at high risk of the disease but are associated with accelerated bone loss. We assessed effectiveness of oral risedronate for prevention of reduction in bone mineral density (BMD) after 3 years of follow-up in a subset of patients in the IBIS-II trial. The double-blind IBIS-II trial recruited <No-of-participants>3864</No-of-participants> <eligibility>healthy, postmenopausal women at increased risk of breast cancer</eligibility> and randomly allocated them oral anastrozole (1 mg/day) or matched <control>placebo</control>. <No-of-participants>1410</No-of-participants> (36%) postmenopausal women were then enrolled in a bone substudy and stratified at baseline according to their lowest baseline T score at spine or femoral neck (stratum I: T score at least -1.0; stratum II: T score at least -2.5 but less than -1.0; stratum III: T score less than -2.5 but greater than -4.0). Women in stratum I were monitored only; women in stratum III were all given risedronate (35 mg/week). Women in stratum II were randomly assigned (1:1) to risedronate (35 mg/week) or matched placebo by use of a block randomisation schedule via a web-based programme. The primary outcome of this per-protocol analysis (done with all women with a baseline and 3 year DXA assessment) was the <outcome-Measure>effect of risedronate versus placebo for osteopenic women in stratum II randomly allocated to anastrozole</outcome-Measure> (1 mg/day). Secondary outcomes included <outcome-Measure>effect of anastrozole (1 mg/day) on BMD in women not receiving risedronate (strata I and II) and in osteoporotic women who were all treated with risedronate (stratum III)</outcome-Measure>. The trial is ongoing, but no longer recruiting. This trial is registered, number ISRCTN31488319. <duration>Between Feb 2, 2003, and Sept 30, 2010</duration>, <No-of-participants>150</No-of-participants> (58%) of 260 women in stratum II who had been randomly allocated to anastrozole and either risedronate or placebo had baseline and 3 year assessments. At the lumbar spine, <outcome>3 year mean BMD change</outcome> for the <intervention-participants>77</intervention-participants> women receiving anastrozole/risedronate was 1.1% (95% CI 0.2 to 2.1) versus -2.6% (-4.0 to -1.3) for the <control-participants>73</control-participants> women receiving anastrozole/placebo (p&lt;.0001). For the <outcome>total hip, 3 year mean BMD change</outcome> for women receiving anastrozole/risedronate was -0.7% (-1.6 to 0.2) versus -3.5% (-4.6 to -2.3) for women receiving anastrozole/placebo (p=0.0001). 652 (65%) of 1008 women in strata I and II who were not randomly allocated to risedronate had both baseline and 3 year assessments. Women not receiving risedronate in stratum I and II who received anastrozole (310 women) had a significant <outcome>BMD decrease</outcome> after 3 years of follow-up compared with women who received placebo (342 women) <outcome>at the lumbar spine</outcome> (-4.0% [-4.5 to -3.4] vs -1.2% [-1.7 to -0.7], p&lt;.0001) and <outcome>total hip</outcome> (-4.0% [-4.4 to -3.6] vs -1.8% [-2.1 to -1.4], p&lt;.0001). 106 (79%) of 149 women in stratum III had a baseline and a 3 year assessment. The <intervention-participants>46</intervention-participants> women allocated to anastrozole had a modest <outcome>BMD increase</outcome> of 1.2% (-0.1 to 2.6) <outcome>at the spine</outcome> compared with a 3.9% (2.6 to 5.2) increase for the 60 women allocated to placebo (p=0.006). For the <outcome>total hip</outcome>, a small 0.3% (-0.9 to 1.5) increase was noted for women allocated anastrozole compared with a 1.5% (0.5 to 2.5) increase for women allocated placebo, but the difference was not significant (p=0.12). The most common adverse event reported was arthralgia (<outcome>stratum I</outcome>: <control-value>94</control-value> placebo and <intervention-value>114</intervention-value> anastrozole; <outcome>stratum II</outcome>: <control-value>39</control-value> placebo/placebo, <intervention-value>25</intervention-value> placebo/risedronate, <intervention-value>34</intervention-value> anastrozole/placebo, and <intervention-value>34</intervention-value> anastrozole/risedronate; <outcome>stratum III</outcome>: <intervention-value>21</intervention-value> placebo/risedronate, <intervention-value>17</intervention-value> anastrozole/risedronate). Other adverse events included <adverse-effect>hot flushes</adverse-effect>, <adverse-effect>alopecia</adverse-effect>, <adverse-effect>abdominal pain</adverse-effect>, and <adverse-effect>back pain</adverse-effect>. Risedronate counterbalances the effect of anastrozole-induced bone loss in osteopenic and osteoporotic women and might be offered in combination with anastrozole treatment to provide an improved risk-benefit profile. Cancer Research UK (C569/A5032), National Health and Medical Research Council Australia (GNT300755, GNT569213), Sanofi-Aventis, and AstraZeneca.  