<intervention>Nevasic audio program</intervention> for the prevention of <condition>chemotherapy induced nausea and vomiting</condition>: A feasibility study using a randomized controlled trial design. Pharmacological therapy is only partially effective in preventing or treating chemotherapy induced nausea and vomiting (CINV). Therefore, exploring the complementary role of non-pharmacological approaches used in addition to pharmacological agents is important. Nevasic uses specially constructed audio signals hypothesized to generate an antiemetic reaction. The aim of this study was to examine the feasibility of conducting a randomized controlled trial (RCT) to evaluate the effectiveness of Nevasic to control CINV. A mixed methods design incorporating an RCT and focus group interviews. For the RCT, female breast cancer patients were randomized to receive either Nevasic plus usual care, music plus usual care, or <control>usual care only</control>. Data were analysed using descriptive statistics and linear mixed-effects models. Five focus group interviews were conducted to obtain participants' views regarding the acceptability of the interventions in the trial. <No-of-participants>99</No-of-participants> participants were recruited to the RCT and <No-of-participants>15</No-of-participants> participated in focus group interviews. Recruitment targets were achieved. Issues of Nevasic acceptability were highlighted as weaknesses of the program. This study <outcome>did not detect any evidence for the effectiveness of Nevasic</outcome>; however, the results showed statistically significant <outcome>less use of anti-emetics</outcome> (p = 0.003) and borderline <outcome>non-significant improvement in quality of life</outcome> (p = 0.06). Conducting a non-pharmacological intervention using such an audio program is feasible, although difficulties and limitations exist with its use. Further studies are required to investigate the effectiveness of Nevasic from perspectives such as anti-emetic use, as well as its overall effect on the levels of nausea and vomiting.  