Use of a <intervention>decision aid</intervention> including information on overdetection to support informed choice about breast cancer screening: a randomised controlled trial. Mammography screening can reduce breast cancer mortality. However, most women are unaware that inconsequential disease can also be detected by screening, leading to overdiagnosis and overtreatment. We aimed to investigate whether including information about overdetection of breast cancer in a decision aid would help women aged around 50 years to make an informed choice about breast screening. We did a community-based, parallel-group, randomised controlled trial in <location>New South Wales, Australia</location>, using a random cohort of women aged <average-age>48-50 years</average-age>. Recruitment to the study was done by telephone; <eligibility>women were eligible if they had not had mammography in the past 2 years and did not have a personal or strong family history of breast cancer</eligibility>. With a computer program, we randomly assigned <No-of-participants>879</No-of-participants> participants to either the intervention decision aid (comprising evidence-based explanatory and quantitative information on overdetection, breast cancer mortality reduction, and false positives) or a <control>control decision aid</control> (including information on breast cancer mortality reduction and false positives). Participants and interviewers were masked to group assignment. The primary outcome was <outcome-Measure>informed choice</outcome-Measure> (defined as adequate knowledge and consistency between attitudes and screening intentions), which we assessed by telephone interview about 3 weeks after random allocation. The primary outcome was analysed in all women who completed the relevant follow-up interview questions fully. This trial is registered with the Australian New Zealand Clinical Trials Registry, number ACTRN12613001035718. <duration>Between January, 2014, and July, 2014</duration>, <intervention-participants>440</intervention-participants> women were allocated to the intervention group and <control-participants>439</control-participants> were assigned to the control group. 21 women in the intervention group and 20 controls were lost to follow-up; a further ten women assigned to the intervention and 11 controls did not answer all questions on attitudes. Therefore, <intervention-participants>409</intervention-participants> women in the intervention group and <control-participants>408</control-participants> controls were analysed for the primary outcome. <intervention-value>99</intervention-value> (<intervention-value>24%</intervention-value>) of <intervention-participants>409</intervention-participants> women in the intervention group <outcome>made an informed choice</outcome> compared with <control-value>63</control-value> (<control-value>15%</control-value>) of <control-participants>408</control-participants> in the control group (difference 9%, 95% CI 3-14; p=0.0017). Compared with controls, more women in the intervention group <outcome>met the threshold for adequate overall knowledge</outcome> (<intervention-value>122</intervention-value>/<intervention-participants>419</intervention-participants> [<intervention-value>29%</intervention-value>] vs <control-value>71</control-value>/<control-participants>419</control-participants> [<control-value>17%</control-value>]; difference 12%, 95% CI 6-18; p&lt;.0001), fewer women expressed <outcome>positive attitudes towards screening</outcome> (<intervention-value>282</intervention-value>/<intervention-participants>409</intervention-participants> [<intervention-value>69%</intervention-value>] vs <control-value>340</control-value>/<control-participants>408</control-participants> [<control-value>83%</control-value>]; 14%, 9-20; p&lt;.0001), and fewer women <outcome>intended to be screened</outcome> (<intervention-value>308</intervention-value>/<intervention-participants>419</intervention-participants> [<intervention-value>74%</intervention-value>] vs <control-value>363</control-value>/<control-participants>419</control-participants> [<control-value>87%</control-value>]; 13%, 8-19; p&lt;.0001). When conceptual knowledge alone was considered, <intervention-value>203</intervention-value> (<intervention-value>50%</intervention-value>) of <intervention-participants>409</intervention-participants> women in the intervention group <outcome>made an informed choice</outcome> compared with <control-value>79</control-value> (<control-value>19%</control-value>) of <control-participants>408</control-participants> in the control group (p&lt;.0001). Information on overdetection of breast cancer provided within a decision aid increased the number of women making an informed choice about breast screening. Becoming better informed might mean women are less likely to choose screening. Australian National Health and Medical Research Council.  