Effects of an <duration>18-week</duration> <intervention>exercise</intervention> programme started early during breast cancer treatment: a randomised controlled trial. Exercise started shortly after breast cancer diagnosis might prevent or diminish fatigue complaints. The Physical Activity during Cancer Treatment (PACT) study was designed to primarily examine the effects of an 18-week exercise intervention, offered in the daily clinical practice setting and starting within 6 weeks after diagnosis, on preventing an increase in fatigue. This multi-centre controlled trial randomly assigned <No-of-participants>204</No-of-participants> breast cancer patients to <control>usual care</control> (n = <control-participants>102</control-participants>) or supervised aerobic and resistance exercise (n = <intervention-participants>102</intervention-participants>). By design, all patients received chemotherapy between baseline and 18 weeks. <outcome-Measure>Fatigue</outcome-Measure> (i.e., primary outcome at 18 weeks), <outcome-Measure>quality of life</outcome-Measure>, <outcome-Measure>anxiety</outcome-Measure>, <outcome-Measure>depression</outcome-Measure>, and <outcome-Measure>physical fitness</outcome-Measure> were measured at 18 and 36 weeks. Intention-to-treat mixed linear model analyses showed that <outcome>physical fatigue</outcome> increased significantly less during cancer treatment in the intervention group compared to control (mean between-group differences at 18 weeks: -1.3; 95% CI -2.5 to -0.1; effect size -0.30). Results for general fatigue were comparable but did not reach statistical significance (-1.0, 95%CI -2.1; 0.1; effect size -0.23). At 18 weeks, <outcome>submaximal cardiorespiratory fitness and several muscle strength tests</outcome> (leg extension and flexion) were significantly higher in the intervention group compared to control, whereas <outcome>peak oxygen uptake</outcome> did not differ between groups. At 36 weeks these differences were no longer statistically significant. <outcome>Quality of life outcomes</outcome> favoured the exercise group but were not significantly different between groups. A supervised 18-week exercise programme offered early in routine care during adjuvant breast cancer treatment showed positive effects on physical fatigue, submaximal cardiorespiratory fitness, and muscle strength. Exercise early during treatment of breast cancer can be recommended. At 36 weeks, these effects were no longer statistically significant. This might have been caused by the control participants' high physical activity levels during follow-up. Current Controlled Trials ISRCTN43801571, Dutch Trial Register NTR2138. Trial registered on December 9th, 2009. 