Randomized clinical trial of prevention of <condition>seroma formation</condition> after mastectomy by local <intervention>methylprednisolone</intervention> injection. Seroma formation, the most prevalent postoperative complication after mastectomy, is an inflammatory process that is potentially preventable via local steroid administration. This study investigated the effect of local steroid administration on seroma formation. This was a double-blind randomized placebo-controlled intervention study of a single dose of 80 mg methylprednisolone versus <control>saline</control> on seroma formation after mastectomy. Patients were further classified according to the surgical axillary procedure: mastectomy with sentinel lymph node biopsy (M + SLNB) or mastectomy with level I-II axillary lymph node dissection (M + ALND). Treatments were administered into the wound cavity via the drain orifice following removal of the drain on the first day after surgery. The primary endpoint was <outcome-Measure>seroma formation</outcome-Measure>; secondary endpoints included the <outcome-Measure>frequency of side-effects and complications</outcome-Measure>. A total of <No-of-participants>212</No-of-participants> <eligibility>women scheduled for mastectomy for primary breast cancer</eligibility> were included. <outcome>After M + SLNB</outcome>, <intervention-value>32 (46%)</intervention-value> of <intervention-participants>69</intervention-participants> women <outcome>developed a seroma</outcome> in the methylprednisolone group, compared with <control-value>52 (78%)</control-value> of <control-participants>67</control-participants> in the saline group (P &lt;0.001). The <outcome>mean cumulative seroma volume</outcome> in the intention-to-treat population for the first 10 and 30 days was significantly lower in the methylprednisolone group (24 ml versus 127 ml in the saline group, and 177 versus 328 ml respectively) (P &lt;0.001). After M + ALND, similar proportions of patients developed a <outcome>seroma</outcome> in the methylprednisolone (<intervention-value>35</intervention-value> of <intervention-participants>37</intervention-participants>, <intervention-value>95%</intervention-value>) and saline (<control-value>34</control-value> of <control-participants>36</control-participants>, <control-value>94%</control-value>) groups, and methylprednisolone administration had no significant effect on seroma formation. No differences in <outcome>infection rate</outcome> were observed. Methylprednisolone administered into the wound cavity on the first day after M + SLNB exerted a highly significant preventive effect against seroma formation during the next 30 days. This effect was not seen in the M + ALND group. Future studies may clarify whether higher or repeated methylprednisolone doses increase the efficacy.  