Effects of a High vs Moderate Volume of Aerobic <intervention>Exercise</intervention> on Adiposity Outcomes in Postmenopausal Women: A Randomized Clinical Trial. Body fat increases postmenopausal breast cancer risk. Physical activity may decrease risk through adiposity changes, but the optimal dose of activity is unknown. To compare the effects of 300 vs 150 min/wk of moderate to vigorous aerobic exercise on body fat in postmenopausal women. The Breast Cancer and Exercise Trial in Alberta was a <duration>12-month</duration>, 2-armed, 2-center randomized dose-comparison trial conducted <duration>from June 2010 through June 2013</duration>. Participants were <No-of-participants>400</No-of-participants> <eligibility>inactive postmenopausal women with body mass index 22 to 40, disease-free, nonsmokers, and nonusers of exogenous hormones</eligibility>. Five d/wk of aerobic exercise (3 d/wk supervised, 2 d/wk unsupervised) for 30 min/session (moderate-volume) or 60 min/session (high volume) achieving 65% to 75% of heart rate reserve for at least 50% of each session. Participants were asked not to change usual diet. Total body fat, measured from dual energy x-ray absorptiometry scans, was the primary outcome. Other measures included subcutaneous and intra-abdominal fat from computed tomography scans, weight, and waist and hip circumferences. Of <No-of-participants>400</No-of-participants> women, <No-of-participants>384</No-of-participants> provided baseline and follow-up adiposity measurements. Median (interquartile range) <outcome>adherence at full prescription</outcome> for the high- and moderate-volume groups was 254 (166-290) and 137 (111-150) min/wk, respectively. Mean reductions in <outcome>total fat</outcome> were significantly larger in the high- vs moderate-volume group (least-squares mean difference, -1.0% [95% CI, -1.6% to -0.4%], P = .002). <outcome>Subcutaneous abdominal fat and waist to hip ratio</outcome> decreased significantly more in the high-volume group (least-squares mean difference, -10.8 [95% CI, -19.5 to -2.2] cm², P = .01, and -0.01 [95% CI, -0.02 to 0.00], P = .04, respectively). <outcome>Changes in weight and intra-abdominal fat</outcome> were not significantly different between groups (least-squares mean difference, -0.7 [95% CI, -1.6 to 0.2] kg, P = .11, and -1.5 [95% CI, -5.9 to 2.9] cm², P = .50, respectively). Some dose-response effects were stronger for obese women. In previously inactive postmenopausal women, a 1-year prescription of moderate to vigorous exercise for 300 min/wk was superior to 150 min/wk for reducing total fat and other adiposity measures, especially in obese women. These results suggest additional benefit of higher-volume aerobic exercise for adiposity outcomes and possibly a lower risk of postmenopausal breast cancer. clinicaltrials.gov: NCT01435005. 