Effect of <intervention>Patient Navigation</intervention> on Breast Cancer Screening Among <ethinicity>African American</ethinicity> Medicare Beneficiaries: A Randomized Controlled Trial. There is growing evidence that patient navigation improves breast cancer screening rates; however, there are limited efficacy studies of its effect among African American older adult women. To evaluate the effect of patient navigation on screening mammography among African American female Medicare beneficiaries in <location>Baltimore, MD</location>. The Cancer Prevention and Treatment Demonstration (CPTD), a multi-site study, was a randomized controlled trial conducted <duration>from April 2006 through December 2010</duration>. Community-based and clinical setting. The CPTD Screening Trial enrolled <No-of-participants>1905</No-of-participants> <eligibility>community-dwelling African American female Medicare beneficiaries</eligibility> who were <average-age>≥65 years</average-age> of age and resided in Baltimore, MD. Participants were recruited from health clinics, community centers, health fairs, mailings using Medicare rosters, and phone calls. Participants were randomized to either: printed educational materials on cancer screening (<control>control group</control>) or printed educational materials + patient navigation services designed to help participants overcome barriers to cancer screening (intervention group). <outcome-Measure>Self-reported receipt of mammography screening</outcome-Measure> within 2 years of the end of the study. The median follow-up period for participants in this analysis was <duration>17.8 months</duration>. In weighted multivariable logistic regression analyses, women in the intervention group had significantly higher odds of <outcome>being up to date on mammography screening</outcome> at the end of the follow-up period compared to women in the control group (odds ratio [OR] 2.26, 95% confidence interval [CI]1.59-3.22). The effect of the intervention was stronger among women who were not up to date with mammography screening at enrollment (OR 3.63, 95% CI 2.09-6.38). Patient navigation among urban African American Medicare beneficiaries increased self-reported mammography utilization. The results suggest that patient navigation for mammography screening should focus on women who are not up to date on their screening. 