<intervention>Mediterranean Diet</intervention> and Invasive Breast Cancer Risk Among Women at High Cardiovascular Risk in the PREDIMED Trial: A Randomized Clinical Trial. Breast cancer is the leading cause of female cancer burden, and its incidence has increased by more than 20% worldwide since 2008. Some observational studies have suggested that the Mediterranean diet may reduce the risk of breast cancer. To evaluate the effect of 2 interventions with Mediterranean diet vs the <control>advice to follow a low-fat diet (control)</control> on breast cancer incidence. The PREDIMED study is a 1:1:1 randomized, single-blind, controlled field trial conducted at primary health care centers in <location>Spain</location>. <duration>From 2003 to 2009</duration>, <No-of-participants>4282</No-of-participants> women aged <average-age>60 to 80 years</average-age> and <eligibility>at high cardiovascular disease risk</eligibility> were recruited after invitation by their primary care physicians. Participants were randomly allocated to a Mediterranean diet supplemented with extra-virgin olive oil, a Mediterranean diet supplemented with mixed nuts, or a control diet (advice to reduce dietary fat). <outcome-Measure>Breast cancer incidence</outcome-Measure> was a prespecified secondary outcome of the trial for women without a prior history of breast cancer (n = <No-of-participants>4152</No-of-participants>). After a median follow-up of 4.8 years, we identified 35 confirmed <outcome>incident cases of breast cancer</outcome>. Observed rates (per 1000 person-years) were 1.1 for the Mediterranean diet with extra-virgin olive oil group, 1.8 for the Mediterranean diet with nuts group, and 2.9 for the control group. The <outcome>multivariable-adjusted hazard ratios</outcome> vs the control group were 0.32 (95% CI, 0.13-0.79) for the Mediterranean diet with extra-virgin olive oil group and 0.59 (95% CI, 0.26-1.35) for the Mediterranean diet with nuts group. In analyses with <outcome>yearly cumulative updated dietary exposures</outcome>, the hazard ratio for each additional 5% of calories from extra-virgin olive oil was 0.72 (95% CI, 0.57-0.90). This is the first randomized trial finding an effect of a long-term dietary intervention on breast cancer incidence. Our results suggest a beneficial effect of a Mediterranean diet supplemented with extra-virgin olive oil in the primary prevention of breast cancer. These results come from a secondary analysis of a previous trial and are based on few incident cases and, therefore, need to be confirmed in longer-term and larger studies. ISRCTN.org Identifier: ISRCTN35739639. 