Efficacy of a <intervention>Text Message</intervention>-Delivered Extended Contact Intervention on Maintenance of Weight Loss, Physical Activity, and Dietary Behavior Change. Extending contact with participants after the end of an initial intervention is associated with successful maintenance of weight loss and behavior change. However, cost-effective methods of extending intervention contact are needed. This study investigated whether extended contact via text message was efficacious in supporting long-term weight loss and physical activity and dietary behavior change in breast cancer survivors. Following the end of an initial <duration>6-month</duration> randomized controlled trial of a telephone-delivered weight loss intervention versus <control>usual care</control>, eligible and consenting intervention participants received a 6-month extended contact intervention via tailored text messages targeting a range of factors proposed to influence the maintenance of behavior change. In this single-group, pre-post designed study, within group changes in weight, moderate-to-vigorous physical activity (Actigraph GT3X+ accelerometers), and total energy intake (2x24 hour dietary recalls) were evaluated from baseline to end of initial intervention (6 months), end of extended contact intervention (12 months), and after a no-contact follow-up (18 months) via linear mixed models. Feasibility of implementation was assessed through <outcome-Measure>systematic tracking of text message delivery process outcomes</outcome-Measure>, and <outcome-Measure>participant satisfaction</outcome-Measure> was assessed through semistructured interviews. Participants at baseline (n=<No-of-participants>29</No-of-participants>) had a mean age of <average-age>54.9 years</average-age> (SD 8.8), body mass index of 30.0 kg/m(2) (SD 4.2), and were recruited a mean 16.6 months (SD 3.2) post diagnosis. From baseline to 18 months, participants showed statistically significantly <outcome>lower mean weight</outcome> (-4.2 kg [95% CI -6.0 to -2.4]; P&lt;.001) and <outcome>higher physical activity</outcome> (mean 10.4 mins/day [95% CI 3.6-17.2]; P=.003), but <outcome>no significant differences in energy intake</outcome> (P=.200). Participants received a mean of 8 text messages every 2 weeks (range 2-11) and reported a high <outcome>rate of satisfaction</outcome>. In comparison to interventions without extended contact, results suggest text message-delivered extended contact may support the attenuation of weight regain and promote the maintenance of physical activity. 