<intervention>Risk Model-Guided Antiemetic Prophylaxis</intervention> vs <control>Physician's Choice</control> in Patients Receiving Chemotherapy for Early-Stage Breast Cancer: A Randomized Clinical Trial. Despite multiple patient-centered factors being associated with the risk of chemotherapy-induced nausea and vomiting (CINV), these factors are rarely considered when making antiemetic recommendations. To compare risk model-guided (RMG) antiemetic prophylaxis with physician's choice (PC) in patients receiving chemotherapy for early-stage breast cancer. A randomized clinical trial of <No-of-participants>324</No-of-participants> <eligibility>patients with early-stage breast cancer undergoing chemotherapy (cyclophosphamide and an anthracycline) for the first time</eligibility> at 2 specialty cancer care centers in <location>Ottawa</location> <duration>from April 10, 2012, to September 2, 2014</duration>. Patients were randomized to either the RMG arm (n = <intervention-participants>154</intervention-participants>) or the PC control arm (n = <control-participants>170</control-participants>). Prior to each cycle of chemotherapy patients in the RMG group were categorized as low or high risk for CINV, and their antiemetic treatments were adjusted accordingly. Patients considered to be at low risk received standard dexamethasone and a 5-HT3 antagonist, while those at high risk also received aprepitant with or without olanzapine, based on their risk level. The PC control group received antiemetic agents according to the treating physician's discretion. The primary end points were <outcome-Measure>control of both nausea and vomiting in the acute posttreatment period (first 24 hours after therapy) and in the delayed posttreatment period (days 2-5 after therapy)</outcome-Measure>. The total numbers of chemotherapy cycles delivered in the RMG and PC control groups were 497 and 551 respectively. <outcome>In the acute period</outcome>, significantly more patients in the RMG group reported <outcome>no nausea</outcome> (<intervention-value>53.7%</intervention-value> [95% CI, 49.2%-58.1%] vs <control-value>41.6%</control-value> [95% CI, 37.4%-45.3%]; P &lt;.001) and <outcome>no vomiting</outcome> (<intervention-value>91.8%</intervention-value> [95% CI, 89.0%-94.0%] vs <control-value>82.2%</control-value> [95% CI, 78.8%-85.3%]; P &lt;.001) compared with the PC control group. Similarly, significantly more patients in the RMG group reported <outcome>no nausea</outcome> (<intervention-value>39.6%</intervention-value> [95% CI, 35.3%-44.1%] vs <control-value>30.7%</control-value> [95% CI, 26.8%-34.7%]; P = .01) and <outcome>no vomiting</outcome> (<intervention-value>87.1%</intervention-value> [95% CI, 83.8%-90.0%) vs <control-value>78.0%</control-value> [95% CI, 74.3%-81.4%]; P &lt;.001) <outcome>in the delayed period</outcome> respectively. In this trial, the RMG antiemetic prophylaxis led to improved control of acute and delayed CINV compared with physician's choice of therapy. clinicaltrials.gov Identifier: NCT01913990. 