<intervention>Anastrozole</intervention> versus <control>tamoxifen</control> for the prevention of locoregional and contralateral breast cancer in postmenopausal women with locally excised ductal carcinoma in situ (IBIS-II DCIS): a double-blind, randomised controlled trial. Third-generation aromatase inhibitors are more effective than tamoxifen for preventing recurrence in postmenopausal women with hormone-receptor-positive invasive breast cancer. However, it is not known whether anastrozole is more effective than tamoxifen for women with hormone-receptor-positive ductal carcinoma in situ (DCIS). Here, we compare the efficacy of anastrozole with that of tamoxifen in <eligibility>postmenopausal women with hormone-receptor-positive DCIS</eligibility>. In a double-blind, multicentre, randomised placebo-controlled trial, we recruited women who had been diagnosed with locally excised, hormone-receptor-positive DCIS. Eligible women were randomly assigned in a 1:1 ratio by central computer allocation to receive 1 mg oral anastrozole or 20 mg oral tamoxifen every day for <duration>5 years</duration>. Randomisation was stratified by major centre or hub and was done in blocks (six, eight, or ten). All trial personnel, participants, and clinicians were masked to treatment allocation and only the trial statistician had access to treatment allocation. The primary endpoint was <outcome-Measure>all recurrence</outcome-Measure>, including recurrent DCIS and new contralateral tumours. All analyses were done on a modified intention-to-treat basis (in all women who were randomised and did not revoke consent for their data to be included) and proportional hazard models were used to compute hazard ratios and corresponding confidence intervals. This trial is registered at the ISRCTN registry, number ISRCTN37546358. <duration>Between March 3, 2003, and Feb 8, 2012</duration>, we enrolled <No-of-participants>2980</No-of-participants> postmenopausal women from 236 centres in 14 countries and randomly assigned them to receive anastrozole (<intervention-participants>1449</intervention-participants> analysed) or tamoxifen (<control-participants>1489</control-participants> analysed). Median follow-up was 7.2 years (IQR 5.6-8.9), and 144 <outcome>breast cancer recurrences</outcome> were recorded. We noted no statistically significant difference in <outcome>overall recurrence</outcome> (<intervention-value>67</intervention-value> recurrences for anastrozole vs <control-value>77</control-value> for tamoxifen; HR 0.89 [95% CI 0.64-1.23]). The non-inferiority of anastrozole was established (upper 95% CI &lt;.25), but its superiority to tamoxifen was not (p=0.49). A total of 69 <outcome>deaths</outcome> were recorded (<intervention-value>33</intervention-value> for anastrozole vs <control-value>36</control-value> for tamoxifen; HR 0.93 [95% CI 0.58-1.50], p=0.78), and no specific cause was more common in one group than the other. The number of women reporting any <outcome>adverse event</outcome> was similar between anastrozole (<intervention-value>1323</intervention-value> women, <intervention-value>91%</intervention-value>) and tamoxifen (<control-value>1379</control-value> women, <control-value>93%</control-value>); the side-effect profiles of the two drugs differed, with more <adverse-effect>fractures</adverse-effect>, <adverse-effect>musculoskeletal events</adverse-effect>, <adverse-effect>hypercholesterolaemia</adverse-effect>, and <adverse-effect>strokes</adverse-effect> with anastrozole and more <adverse-effect>muscle spasm</adverse-effect>, <adverse-effect>gynaecological cancers and symptoms</adverse-effect>, <adverse-effect>vasomotor symptoms</adverse-effect>, and <adverse-effect>deep vein thromboses</adverse-effect> with tamoxifen. No clear efficacy differences were seen between the two treatments. Anastrozole offers another treatment option for postmenopausal women with hormone-receptor-positive DCIS, which may be be more appropriate for some women with contraindications for tamoxifen. Longer follow-up will be necessary to fully evaluate treatment differences. Cancer Research UK, National Health and Medical Research Council Australia, Breast Cancer Research Fund, AstraZeneca, Sanofi Aventis.  