The effectiveness of <intervention>mindfulness-based stress reduction (MBSR)</intervention> for survivors of breast cancer: study protocol for a randomized controlled trial. After treatment completion, breast cancer (BC) survivors frequently experience residual symptoms of pain, fatigue, high levels of psychological stress, anxiety, depression, fear of recurrence, and metastasis. Post-treatment stress, in particular, can adversely affect health-related quality of life, which, in turn, induces onset or recurrence of chronic diseases. Effective interventions that target these psychological symptoms and their physiological consequences are needed, especially for economically disadvantaged patients. However, in <location>China</location>, few evidence-based intervention strategies have been established among BC survivors. This study will formally adapt, develop, and evaluate an intensive mindfulness-based stress reduction (MBSR) intervention protocol to improve mental health, quality of life, and compliance with medication among <ethinicity>Chinese</ethinicity> BC survivors. A randomized, waitlist-controlled clinical trial will be conducted. Based on our power calculation, <No-of-participants>418</No-of-participants> <eligibility>BC survivors will be recruited from 10 low-income communities</eligibility> in <location>Shanghai</location>. All subjects will be randomly assigned either to the MBSR program or to a <control>waitlisted usual care</control> regimen that will offer the MBSR program after the completion of the other trial arm (after 6 months follow-up). Our <duration>8-week</duration> MBSR intervention program will provide systematic training to promote stress reduction by self-regulating arousal to stress. Assessments will be made at baseline, 4 weeks (in the middle of the first MBSR intervention), 8 weeks (at the end of the first MBSR intervention), 6 months, and 12 months, and will include <outcome-Measure>measures of psychological symptoms (depression, anxiety, and perceived stress)</outcome-Measure>, <outcome-Measure>quality of life</outcome-Measure>, and <outcome-Measure>medication adherence</outcome-Measure>. The expected outcome will be the improvement in psychological symptoms, quality of life, and medication compliance in the MBSR intervention group. This study will help develop an affordable, self-care psychological intervention protocol to help Chinese BC survivors improve their quality of life, and could be helpful in further developing affordable disease management plans for patients of other chronic diseases. ChiCTR-IOR-14005390 (10/27/2014). 