Cosmesis and Breast-Related Quality of Life Outcomes After Intraoperative Radiation Therapy for Early Breast Cancer: A Substudy of the TARGIT-A Trial. To report the first comprehensive investigation of patient-reported cosmesis and breast-related quality of life (QOL) outcomes comparing patients randomized to <intervention>risk-adapted single-dose intraoperative radiation therapy (TARGIT-IORT)</intervention> versus <control>external beam radiation therapy (EBRT)</control> on the TARGIT-A trial. Longitudinal cosmesis and QOL data were collected from a subset of TARGIT-A participants who received TARGIT-IORT as a separate procedure (postpathology). Patients completed a cosmetic assessment before radiation therapy and annually thereafter for at least <duration>5 years</duration>. Patients also completed the combined European Organization for Research and Treatment of Cancer (EORTC) core questionnaire and Breast-Specific Module in addition to the Body Image after Breast Cancer Questionnaire at baseline and annually thereafter. The combined EORTC questionnaires were also collected 3, 6, and 9 months after wide local excision. An <outcome>Excellent-Good cosmetic result</outcome> was scored more often than a Fair-Poor result for both treatment groups across all time points. The TARGIT-IORT patients reported <outcome>better breast-related QOL</outcome> than EBRT patients. <outcome>Statistically and clinically significant differences</outcome> were seen at month 6 and year 1, with EBRT patients having moderately worse breast symptoms (a statistically significant difference of more than 10 in a 100-point scale) than TARGIT-IORT patients at these time points. Patients treated with TARGIT-IORT on the TARGIT-A trial have similar self-reported cosmetic outcome but better breast-related QOL outcomes than patients treated with EBRT. This important evidence can facilitate the treatment decision-making process for patients who have early breast cancer suitable for breast-conserving surgery and inform their clinicians.  