A Prospective Randomized Trial of the Efficacy of <intervention>Fibrin Glue</intervention>, <intervention>Triamcinolone Acetonide</intervention>, and <intervention>Quilting Sutures</intervention> in <condition>Seroma</condition> Prevention after Latissimus Dorsi Breast Reconstruction. Donor-site seroma is the most common complication following latissimus dorsi flap breast reconstruction. Various agents and techniques have attempted to minimize seroma formation. The purpose of this study was to compare the efficacy of different products and quilting sutures at seroma prevention. This is a single-center, double-blinded, randomized, controlled trial of a consecutive series of <eligibility>breast cancer patients</eligibility> (n = <No-of-participants>96</No-of-participants>) <eligibility>undergoing latissimus dorsi flap reconstruction performed by a single surgeon</eligibility>. Patients were randomized to receive (1) fibrin glue (Tisseel) (n = <intervention-participants>23</intervention-participants>), (2) triamcinolone acetonide (n = <intervention-participants>26</intervention-participants>), or (3) <control>normal saline (control)</control> (n = <control-participants>27</control-participants>) sprayed into the donor site. The fourth arm included donor-site quilting sutures (n = <intervention-participants>20</intervention-participants>). Outcomes included <outcome-Measure>seroma</outcome-Measure>, <outcome-Measure>drain output</outcome-Measure>, and <outcome-Measure>days to last drain remova</outcome-Measure>l. Drain removal was standardized at less than 30 cc/day. All groups were matched evenly without differences in risk, procedures, or complications. The <outcome>overall seroma rate</outcome> was 31.3% (n = 30). The quilting group had significantly less <outcome>drainage for weeks 1</outcome> (p = 0.006) and 2 (p = 0.050) postoperatively. Quilting statistically <outcome>reduced the incidence of seromas</outcome> to <intervention-value>5.0%</intervention-value> (n = <intervention-value>1</intervention-value>; p = 0.038) compared with other groups (control, <control-value>34.5%</control-value>; fibrin, <intervention-value>27.6%</intervention-value>; and triamcinolone, <intervention-value>37.6%</intervention-value>). Drains were removed 10 days earlier with quilting (control, 35.5 days; fibrin, 39.5 days; triamcinolone, 37.4 days; and quilting, 25.8 days; p = 0.001). The <outcome>incidence of all other complications</outcome> was similar between groups. The use of quilting donor sites significantly decreases the incidence of donor-site seromas and leads to earlier drain removal following latissimus dorsi flap reconstruction and maintains a low complication profile. Therapeutic, II. 