Effect of <intervention>second timed appointments</intervention> for non-attenders of breast cancer screening in <location>England</location>: a randomised controlled trial. In England, participation in breast cancer screening has been decreasing in the past 10 years, approaching the national minimum standard of 70%. Interventions aimed at improving participation need to be investigated and put into practice to stop this downward trend. We assessed the effect on participation of sending invitations for breast screening with a timed appointment to women who did not attend their first offered appointment within the NHS Breast Screening Programme (NHSBSP). In this open, randomised controlled trial, women in six centres in the NHSBSP in England who were invited for routine breast cancer screening were randomly assigned (1:1) to receive an invitation to a second appointment with fixed date and time (intervention) or an <control>invitation letter with a telephone number to call to book their new screening appointment (control)</control> in the event of non-attendance at the first offered appointment. Randomisation was by SX number, a sequential unique identifier of each woman within the NHSBSP, and at the beginning of the study a coin toss decided whether women with odd or even SX numbers would be allocated to the intervention group. Women aged <average-age>50-70 years</average-age> who did not attend their first offered appointment were eligible for the analysis. The primary endpoint was <outcome-Measure>participation</outcome-Measure> (ie, attendance at breast cancer screening) within 90 days of the date of the first offered appointment; we used Poisson regression to compare the proportion of women who participated in screening in the study groups. All analyses were by intention to treat. This trial is registered with Barts Health, number 009304QM. We obtained <No-of-participants>33 146</No-of-participants> records of women invited for breast cancer screening at the six centres b<duration>etween June 2, 2014, and Sept 30, 2015</duration>, who did not attend their first offered appointment. <No-of-participants>26 054</No-of-participants> women were eligible for this analysis (<intervention-participants>12 807</intervention-participants> in the intervention group and <control-participants>13 247</control-participants> in the control group). <outcome>Participation</outcome> within 90 days of the first offered appointment was significantly higher in the intervention group (<intervention-value>2861</intervention-value> [<intervention-value>22%</intervention-value>] of <intervention-participants>12 807</intervention-participants>) than in the control group (<control-value>1632</control-value> [<control-value>12%</control-value>] of <control-participants>13 247</control-participants>); relative risk of participation 1.81 (95% CI 1.70-1.93; p&lt;.0001). These findings show that a policy of second appointments with fixed date and time for non-attenders of breast screening is effective in improving participation. This strategy can be easily implemented by the screening sites and, if combined with simple interventions, could further increase participation and ensure an upward shift in the participation trend nationally. Whether the policy should vary by time since last attended screen will have to be considered. National Health Service Cancer Screening Programmes and Department of Health Policy Research Programme.  