<intervention>Partial-breast radiotherapy</intervention> after breast conservation surgery for <eligibility>patients with early breast cancer</eligibility> (UK IMPORT LOW trial): <duration>5-year</duration> results from a multicentre, randomised, controlled, phase 3, non-inferiority trial. Local cancer relapse risk after breast conservation surgery followed by radiotherapy has fallen sharply in many countries, and is influenced by patient age and clinicopathological factors. We hypothesise that partial-breast radiotherapy restricted to the vicinity of the original tumour in women at lower than average risk of local relapse will improve the balance of beneficial versus adverse effects compared with whole-breast radiotherapy. IMPORT LOW is a multicentre, randomised, controlled, phase 3, non-inferiority trial done in 30 radiotherapy centres in the <location>UK</location>. Women aged <average-age>50 years or older</average-age> <eligibility>who had undergone breast-conserving surgery for unifocal invasive ductal adenocarcinoma of grade 1-3, with a tumour size of 3 cm or less (pT1-2), none to three positive axillary nodes (pN0-1), and minimum microscopic margins of non-cancerous tissue of 2 mm or more</eligibility>, were recruited. Patients were randomly assigned (1:1:1) to receive <control>40 Gy whole-breast radiotherapy (control)</control>, 36 Gy whole-breast radiotherapy and 40 Gy to the partial breast (reduced-dose group), or 40 Gy to the partial breast only (partial-breast group) in 15 daily treatment fractions. Computer-generated random permuted blocks (mixed sizes of six and nine) were used to assign patients to groups, stratifying patients by radiotherapy treatment centre. Patients and clinicians were not masked to treatment allocation. Field-in-field intensity-modulated radiotherapy was delivered using standard tangential beams that were simply reduced in length for the partial-breast group. The primary endpoint was <outcome-Measure>ipsilateral local relapse</outcome-Measure> (80% power to exclude a 2.5% increase [non-inferiority margin] at 5 years for each experimental group; non-inferiority was shown if the upper limit of the two-sided 95% CI for the local relapse hazard ratio [HR] was less than 2.03), analysed by intention to treat. Safety analyses were done in all patients for whom data was available (ie, a modified intention-to-treat population). This study is registered in the ISRCTN registry, number ISRCTN12852634. <duration>Between May 3, 2007, and Oct 5, 2010,</duration> <No-of-participants>2018</No-of-participants> women were recruited. Two women withdrew consent for use of their data in the analysis. <control-participants>674</control-participants> patients were analysed in the whole-breast radiotherapy (control) group, <intervention-participants>673</intervention-participants> in the reduced-dose group, and <intervention-participants>669</intervention-participants> in the partial-breast group. Median follow-up was 72.2 months (IQR 61.7-83.2), and <outcome>5-year estimates of local relapse cumulative incidence</outcome> were <control-value>1.1%</control-value> (95% CI 0.5-2.3) of patients in the control group, <intervention-value>0.2%</intervention-value> (0.02-1.2) in the reduced-dose group, and <intervention-value>0.5%</intervention-value> (0.2-1.4) in the partial-breast group. <outcome>Estimated 5-year absolute differences in local relapse</outcome> compared with the control group were -0.73% (-0.99 to 0.22) for the reduced-dose and -0.38% (-0.84 to 0.90) for the partial-breast groups. Non-inferiority can be claimed for both reduced-dose and partial-breast radiotherapy, and was confirmed by the test against the critical HR being more than 2.03 (p=0.003 for the reduced-dose group and p=0.016 for the partial-breast group, compared with the whole-breast radiotherapy group). Photographic, patient, and clinical assessments recorded similar adverse effects after reduced-dose or partial-breast radiotherapy, including two patient domains achieving statistically significantly lower adverse effects (change in breast appearance [p=0.007 for partial-breast] and breast harder or firmer [p=0.002 for reduced-dose and p&lt;.0001 for partial-breast]) compared with whole-breast radiotherapy. We showed non-inferiority of partial-breast and reduced-dose radiotherapy compared with the standard whole-breast radiotherapy in terms of local relapse in a cohort of patients with early breast cancer, and equivalent or fewer late normal-tissue adverse effects were seen. This simple radiotherapy technique is implementable in radiotherapy centres worldwide. Cancer Research UK.  