<intervention>Palbociclib</intervention> as single agent or in combination with the endocrine therapy received before disease progression for estrogen receptor-positive, HER2-negative metastatic breast cancer: TREnd trial. The activity of palbociclib as a single agent in advanced breast cancer has not been extensively studied, with the only available clinical data limited to heavily pretreated patients. Preclinical data suggests palbociclib may partially reverse endocrine resistance, though this hypothesis has not been evaluated in previous clinical studies. This phase II, open-label, multicenter study examined the activity of palbociclib monotherapy, as well as palbociclib given in combination with the same endocrine therapy (ET) that was received prior to disease progression, in postmenopausal women with moderately pretreated, estrogen receptor-positive, HER2 negative advanced breast cancer. Eligible <eligibility>women with advanced disease which had progressed on one or two prior ETs</eligibility> were randomized 1 : 1 to receive either <control>palbociclib alone</control>, or palbociclib in combination with the ET as previously received. Primary end point was <outcome-Measure>clinical benefit rate (CBR)</outcome-Measure>; secondary end points included <outcome-Measure>progression-free survival (PFS)</outcome-Measure>. <duration>Between October 2012 and July 2016</duration>, a total of <No-of-participants>115</No-of-participants> patients were randomized. The <outcome>CBR</outcome> was <control-value>54%</control-value> [95% confidence interval (CI): 41.5-63.7] for combination therapy, and <intervention-value>60%</intervention-value> (95% CI: 47.8-72.9) for monotherapy. <outcome>Median PFS</outcome> was 10.8 months (95% CI: 5.6-12.7) for combination therapy, and 6.5 months (95% CI: 5.4-8.5) for monotherapy [hazard ratio (HR) 0.69; 95% CI: 0.4-1.1, exploratory P-value = 0.12]. Exploratory analyses revealed the PFS advantage for combination therapy was seen in the subgroup of patients who received prior ET for >6 months (HR 0.53; 95% CI: 0.3-0.9, exploratory P-value = 0.02), but not in those who received prior ET for ≤6 months. Palbociclib has clinical activity as a single agent in women with moderately pretreated, oestrogen receptor-positive, HER2-negative advanced breast cancer. Palbociclib may have potential to reverse endocrine resistance in patients with a history of previous durable response to ET. NCT02549430. 