<intervention>Amisulpride</intervention> prevents <condition>nausea</condition> and <condition>vomiting</condition> associated with highly emetogenic chemotherapy: a randomised, double-blind, placebo-controlled, dose-ranging trial. Chemotherapy-induced nausea and vomiting (CINV) remain significant clinical problems, especially in the delayed phase (24-120 h after chemotherapy). Amisulpride is a dopamine D2/D3-receptor antagonist previously shown to be an effective intravenous antiemetic. We conducted a randomised, double-blind study to characterise the dose response of oral amisulpride in delayed phase CINV. <eligibility>Chemotherapy-naïve patients receiving cisplatin ≥ 70 mg/m2 or an anthracycline-cyclophosphamide regimen for breast cancer</eligibility> received, on day 1, 20 mg amisulpride and 8-16 mg ondansetron intravenously followed, once daily on days 2-4, by 10, 20 or 40 mg oral amisulpride or <control>placebo</control>. A control group receiving standard three-drug prophylaxis was enrolled for assay sensitivity purposes. The primary endpoint was <outcome-Measure>complete response (CR)</outcome-Measure>, defined as no emesis or rescue medication use, in the delayed phase. <No-of-participants>Three hundred eighteen</No-of-participants> subjects were evaluable per protocol. <outcome>CR rate (24-120 h)</outcome> was <control-value>20%</control-value> with placebo and <intervention-value>46%</intervention-value> with 10 mg amisulpride (p = 0.006 after multiplicity adjustment); in the three-drug control group, it was 59%. <outcome>Emesis, nausea and 0-120-h CR rate</outcome> were significantly improved with 10 mg amisulpride compared to placebo. Higher doses of amisulpride were not more effective than 10 mg. In patients with acute phase CR, <outcome>delayed phase CR rate</outcome> was <control-value>44%</control-value> for placebo, <intervention-value>75%</intervention-value> for 10 mg amisulpride (p = 0.022) and 70% for the 3-drug control. No significant differences were seen between groups in safety parameters. Amisulpride 10 mg orally is safe and superior to placebo at preventing delayed CINV caused by highly emetogenic chemotherapy. NCT01857232. 