EduCan trial: study protocol for a randomised controlled trial on the effectiveness of <intervention>pain neuroscience education</intervention> after breast cancer surgery on <condition>pain</condition>, <condition>physical, emotional and work-related functioning</condition>. Over the past decades, awareness on the importance of educational interventions in cancer pain management has increased. However, education is often restricted to biomedical pain management instructions. A more modern educational approach, also known as pain neuroscience education (PNE), explains pain from a biopsychosocial perspective. We hypothesise that this more comprehensive educational approach in the early treatment phase of breast cancer will lead to more beneficial effects for cancer pain management. Therefore, the aim of the present study is to investigate the effectiveness of this PNE intervention, in addition to best evidence physical therapy modalities for treatment and prevention of pain, physical, emotional and work-related functioning after breast cancer surgery, compared with a <control>traditional biomedical educational intervention</control>. A double-blinded randomised controlled trial has been started in November 2017 at the University Hospitals of <location>Leuven</location>. Immediately after breast cancer surgery, all participants (n=<No-of-participants>184</No-of-participants>) receive a <duration>12-week</duration> intensive standard physical therapy programme. They receive three additional refresher sessions at 6, 8 and 12 months postsurgery. In addition, participants receive three educational sessions during the first-month postsurgery and three 'booster sessions' at 6, 8 and 12 months postsurgery. In the intervention group, the content of the education sessions is based on the modern PNE approach. Whereas in the control group, the education is based on the traditional biomedical approach. The primary outcome parameter is <outcome-Measure>pain-related disability 1 year after surgery</outcome-Measure>. Secondary outcomes related to <outcome-Measure>other dimensions of pain</outcome-Measure>, <outcome-Measure>physical, emotional and work-related functioning at 1-week, 4, 6, 8, 12 and 18 months postsurgery</outcome-Measure>. The study will be conducted in accordance with the Declaration of Helsinki. This protocol has been approved by the ethical committee of the University Hospitals of Leuven. Results will be disseminated via peer-reviewed scientific journals and presentations at congresses. NCT03351075.  