Effects of a <intervention>Hypnosis</intervention> Session Before General Anesthesia on Postoperative Outcomes in Patients Who Underwent Minor Breast Cancer Surgery: The HYPNOSEIN Randomized Clinical Trial. Hypnosis is now widespread in medical practice and is emerging as an alternative technique for pain management and anxiety. However, its effects on postoperative outcomes remain unclear. To evaluate the efficacy of a preoperative hypnosis session for reducing postoperative breast pain in patients who underwent minor breast cancer surgery. The HYPNOSEIN prospective randomized clinical trial was conducted <duration>from October 7, 2014, to April 5, 2016</duration>. In this multicenter study in <location>France</location>, <No-of-participants>150</No-of-participants> <eligibility>women scheduled for minor breast cancer surgery</eligibility> were randomized between <control>control</control> and hypnosis arms, and 148 (<control-participants>71</control-participants> control and <intervention-participants>77</intervention-participants> hypnosis) were included in the intent-to-treat analysis. On the day of surgery, eligible patients were randomly assigned (1:1) to the control arm or the hypnosis arm. Patients (but not the care teams) were blinded to the arm to which they were assigned. A 15-minute hypnosis session before general anesthesia in the operating room was performed in the hypnosis arm. The primary end point was <outcome-Measure>breast pain reduction</outcome-Measure> (by 2 on a visual analog scale), assessed immediately before discharge from the postanesthesia care unit (PACU). Secondary end points were <outcome-Measure>nausea/vomiting</outcome-Measure>, <outcome-Measure>fatigue</outcome-Measure>, <outcome-Measure>comfort/well-being</outcome-Measure>, <outcome-Measure>anxiety</outcome-Measure>, and <outcome-Measure>PACU length of stay</outcome-Measure>, assessed at different times until postoperative day 30. The median patient age was <average-age>57 years (range, 33-79 years)</average-age> in the control arm and <average-age>53 years (range, 20-84 years)</average-age> in the hypnosis arm. Baseline characteristics were similar in the 2 arms. The median duration of the hypnosis session was 6 minutes (range, 2-15 minutes). The use of intraoperative opioids and hypnotics was lower in the hypnosis arm. The <outcome>mean (SD) breast pain score</outcome> (range, 0-10) was 1.75 (1.59) in the control arm vs 2.63 (1.62) in the hypnosis arm (P = .004). At PACU discharge and with longer follow-up, no statistically significant difference in breast pain was reported. <outcome>Fatigue</outcome> was significantly lower in the hypnosis arm on the evening of surgery (mean [SD] score, 3.81 [2.15] in the control arm vs 2.99 [2.56] in the hypnosis arm; P = .03). The <outcome>median PACU length of stay</outcome> was 60 minutes (range, 20-290 minutes) in the control arm vs 46 minutes (range, 5-100 minutes) in the hypnosis arm (P = .002). Exploratory analyses according to patient perception of whether she received hypnosis showed significantly lower <outcome>fatigue scores</outcome> in the perceived hypnosis subgroup on the evening of surgery (mean [SD], 4.13 [2.26] for no perceived hypnosis vs 2.97 [2.42] for perceived hypnosis; P = .01). <outcome>Anxiety</outcome> was also significantly lower on the evening of surgery in the perceived hypnosis subgroup (mean [SD], 0.75 [1.64] for perceived hypnosis vs 1.67 [2.29] for no perceived hypnosis; P = .03). The results of this study do not support a benefit of hypnosis on postoperative breast pain in women undergoing minor breast cancer surgery. However, other outcomes seem to be improved, which needs to be confirmed by further studies. EudraCT Identifier: 2014-A00681-46 and ClinicalTrials.gov Identifier: NCT03253159. 