Randomized phase 3 efficacy and safety trial of proposed <intervention>pegfilgrastim biosimilar MYL-1401H</intervention> in the prophylactic treatment of <condition>chemotherapy-induced neutropenia</condition>. Pegfilgrastim is indicated for reducing the duration of neutropenia and incidence of febrile neutropenia in patients receiving cytotoxic chemotherapy. Here, safety and efficacy of <intervention>MYL-1401H</intervention>, a proposed pegfilgrastim biosimilar, were investigated as prophylaxis for chemotherapy-induced neutropenia. This was a phase 3, multicenter, randomized, double-blind, parallel-group equivalence trial of MYL-1401H vs European Union-sourced reference pegfilgrastim. <eligibility>Patients with newly diagnosed stage II/III breast cancer eligible to receive (neo) adjuvant chemotherapy with docetaxel/doxorubicin/cyclophosphamide every 3 weeks for 6 cycles</eligibility> were enrolled and randomized 2:1 to 6 mg of MYL-1401H or <control>reference pegfilgrastim</control> 24 h (+ 2-h window after the first 24 h) after the end of chemotherapy. The primary efficacy endpoint was the <outcome-Measure>duration of severe neutropenia in cycle 1</outcome-Measure> (i.e., days with absolute neutrophil count (ANC) &lt; 0.5 × 109/L). <outcome>Mean (standard deviation (SD)) duration of severe neutropenia</outcome> in MYL-1401H and reference pegfilgrastim groups was 1.2 days (0.93) and 1.2 days (1.10), respectively. The 95% CI for least squares mean difference (- 0.285, 0.298) was within the predefined equivalence range of ± 1 day. Secondary endpoints, including <outcome>grade ≥ 3 neutropenia</outcome> (frequency, <intervention-value>91%</intervention-value> and <control-value>82%</control-value> for MYL-1401H and reference pegfilgrastim, respectively), <outcome>time to ANC nadir</outcome> (mean (SD), 6.2 (0.98) and 6.3 (1.57) days), and <outcome>duration of post-nadir recovery</outcome> (mean (SD), 1.9 (0.85) and 1.7 (0.91) days) were comparable. <outcome>Overall safety profiles</outcome> of the study drugs were comparable. MYL-1401H demonstrated equivalent efficacy and similar safety to reference pegfilgrastim and may be an equivalent option for reducing incidence of neutropenia. ( ClinicalTrials.gov , NCT02467868; EudraCT, 2014-002324-27). 