Comparison of the efficacy of erector spinae plane block performed with different concentrations of <intervention>bupivacaine</intervention> on <condition>postoperative analgesia</condition> after mastectomy surgery: ramdomized, prospective, double blinded trial. Breast cancer surgery is one of the most common surgeries among the female population. Nearly half of the patients suffer chronic pain following breast cancer surgery, and 24% of them categorizing their pain as moderate to high. In this study, effects of ultrasound-guided erector spinae plane (ESP) block performed using two different concentrations of bupivacaine on postoperative tramadol consumption, pain scores, and intraoperative fentanyl requirements among patients who underwent radical mastectomy surgery were compared. This double-blinded, prospective, and randomized study included patients with <average-age>age ranged 18-70</average-age>, American Society of Anesthesiologist physical status I-II, and scheduled for unilateral modified radical mastectomy surgery. The patients were randomly allocated into two groups. In group I, ESP block was performed with 0.375% bupivacaine. In group II, ESP block was performed with <control>0.25% bupivacaine</control>. General anesthesia was induced in both groups according to the standard procedures. When the pain score was ≥4, patients received intravenous (i.v.) 25 mcg fentanyl in the recovery room or 4 mg of morphine in the surgical ward as a rescue analgesia. The main measurements were <outcome-Measure>postoperative tramadol consumption</outcome-Measure>; <outcome-Measure>Numerical Rating Scale (NRS) scores 15, 30, and 60 min and 12 and 24 h postoperatively</outcome-Measure>; and <outcome-Measure>intraoperative fentanyl requirements</outcome-Measure>. In total, <No-of-participants>42</No-of-participants> patients (<intervention-participants>21</intervention-participants> patients in each group) were included in the study. The <outcome>mean tramadol consumption at the postoperative 24th h</outcome> was 149.52 ± 25.39 mg in group I, and 199.52 ± 32.78 mg in group II (p = 0.001). In group I, the <outcome>NRS scores</outcome> were significantly lower at every time points compared with those in group II. The <outcome>mean intraoperative fentanyl requirement</outcome> was similar in the two groups. Although ESP block performed with both concentrations of bupivacaine provided effective postoperative analgesia, the higher concentration of bupivacaine significantly reduced postoperative tramadol consumption after radical mastectomy surgery. The study was registered prospectively with the Australian New Zealand Clinical Trials Registry (trial ID: ACTRN12618001334291at 08/08/2018). 