Perioperative <intervention>Pregabalin</intervention> and Intraoperative <intervention>Lidocaine</intervention> Infusion to Reduce Persistent <condition>Neuropathic Pain</condition> After Breast Cancer Surgery: A Multicenter, Factorial, Randomized, Controlled Pilot Trial. Persistent postsurgical pain is defined as pain localized to the area of surgery of a duration of ≥2 months and is, unfortunately, a common complication after breast cancer surgery. Although there is insufficient evidence to support any preventative strategy, prior literature suggests the possible efficacy of intravenous lidocaine and perioperative pregabalin in preventing persistent pain after surgery. To determine feasibility of conducting a larger definitive trial, we conducted a multicenter 2 × 2 factorial, randomized, placebo-controlled pilot trial of <No-of-participants>100</No-of-participants> <eligibility>female patients undergoing breast cancer surgery</eligibility>. Patients were randomized to receive an intraoperative lidocaine infusion (1.5 mg/kg bolus followed by 2 mg/kg/h) or <control>placebo</control> and perioperative pregabalin (300 mg preoperatively, 75 mg twice daily for 9 days) or placebo. All feasibility criteria were surpassed; recruitment of <No-of-participants>100</No-of-participants> patients was accomplished within 42 weeks, with a follow-up rate of 100% and study drug compliance of ≥80%. At 3 months, 53% of patients reported <outcome>persistent neuropathic pain</outcome>. Although there was no interaction between lidocaine and pregabalin, lidocaine decreased the <outcome>development of persistent neuropathic pain</outcome> (<intervention-value>43.1%</intervention-value> vs <control-value>63.3%</control-value>; relative risk = .68; 95% confidence interval = .47-1.0). Pregabalin did not reduce <outcome>persistent pain</outcome> (<intervention-value>60%</intervention-value> vs <control-value>46%</control-value>; relative risk = 1.3; 95% confidence interval = .90-1.90) and neither pregabalin nor lidocaine impacted acute postoperative pain, opioid consumption, pain interference, or quality of life. Our pilot trial successfully demonstrated feasibility and provided promising data for conducting further trials of intraoperative lidocaine infusions during breast cancer surgeries. Clinical trial number: NCT02240199 PERSPECTIVE: This article reports the findings of a pilot randomized, controlled trial evaluating the effects of perioperative pregabalin and intraoperative lidocaine infusions in patients undergoing breast cancer surgery. This trial demonstrated the feasibility of conducting a larger trial and provided promising data that these interventions may decrease the development of persistent pain.  