Breast cancer risk status influences uptake, retention and efficacy of a <intervention>weight loss programme</intervention> amongst breast cancer screening attendees: two randomised controlled feasibility trials. Excess body weight and sub-optimal lifestyle are modifiable causes of breast cancer and other diseases. There is little evidence that behaviour change is possible within screening programmes and whether this is influenced by prior knowledge of disease risk. We determined whether breast cancer risk influences uptake, retention and efficacy of a weight control programme in the UK National Health Service Breast Screening Programme, and whether additional cardiovascular disease and type 2 diabetes risk information improves uptake and retention further. <eligibility>Overweight/obese women</eligibility> in the <location>UK</location> National Health Service Breast Screening Programme <eligibility>identified at high, moderately increased, average and low-risk of breast cancer</eligibility> were randomised to receive individualised breast cancer risk information (breast cancer prevention programme), or individualised breast cancer, cardiovascular disease (QRISK2) and type 2 diabetes (QDiabetes, HbA1c) information (multiple disease prevention programme). Personalised breast cancer risk feedback was given before randomisation in Study-1, and after randomisation in Study-2. Recruitment was 9% (<No-of-participants>126</No-of-participants>/1356) in Study-1 and 7% (<No-of-participants>52</No-of-participants>/738) in Study-2. With respect to <outcome>breast cancer risk</outcome>, odds ratio of uptake for high/moderately increased vs low risk women was 1.99 (95% CI 1.24-3.17, P = 0.004) in Study-1 and 3.58 (95% CI 1.59-8.07, P = 0.002) in Study-2. <outcome>Odds ratio of retention for high/moderately</outcome> increased -risk vs. low risk women was 2.98 (95% CI 1.05-8.47, P = 0.041) in Study-1 and 3.88 (95% CI 1.07-14.04, P = 0.039) in Study-2. <outcome>Weight loss</outcome> of ≥5% at 12 months was achieved by 63% high/moderate vs. 43% low-risk women in Study-1 (P = 0.083) and 39% vs. 8% in Study-2 (P = 0.008). <outcome>Uptake, retention and weight loss</outcome> were equivalent in both the breast cancer prevention programme and the multiple disease prevention programme in both studies. Women who are informed that they are at increased breast cancer risk were significantly more likely to join and remain in the programmes and consequently lose more weight across both studies. High risk women are more likely engage in a lifetyle prevention programme and also have the greatest potential benefit fom risk reduction strategies. ISRCTN91372184 Registered 28 September 2014. 