<intervention>Rivaroxaban</intervention> compared to no treatment in ER-negative stage I-III early breast cancer patients (the TIP Trial): study protocol for a phase II preoperative window-of-opportunity study design randomised controlled trial. Breast cancer patients are at a four-fold increased risk of developing a venous thromboembolism (VTE), a major cause of death in this group. Conversely, coagulation factors promote tumour growth and metastasis. This has been evidenced in preclinical models, with an inhibitory effect of anticoagulants on cancer growth through proliferative, angiogenic, apoptotic, cancer stem cell and metastatic processes. The extrinsic clotting pathway is also more upregulated in patients in the relatively poorer prognosis oestrogen receptor (ER)-negative breast cancer subgroup, with increased tumour stromal expression of the coagulation factors Tissue Factor and thrombin. Rivaroxaban (Xarelto®, Bayer AG, Leverkusen, Germany) is a direct oral anticoagulant (DOAC). It is a Factor Xa inhibitor that is routinely prescribed for the prevention of stroke in non-valvular atrial fibrillation and for both VTE prophylaxis and treatment. This trial will assess the anti-proliferative and other anti-cancer progression mechanisms of Rivaroxaban in ER-negative early breast cancer patients. This <location>UK</location>-based preoperative window-of-opportunity phase II randomised control trial will randomise <No-of-participants>88</No-of-participants> <eligibility>treatment-naïve early breast cancer patients</eligibility> to receive 20 mg OD Rivaroxaban treatment for 11 to 17 days or <control>no treatment</control>. Treatment will be stopped 24 h (range 18-36 h) prior to surgery or repeat core biopsy. All patients will be followed up for 2 weeks following surgery or repeat core biopsy. The primary endpoint is <outcome-Measure>change in tumour Ki67</outcome-Measure>. Secondary outcome measures include <outcome-Measure>tumour markers of apoptosis and angiogenesis, extrinsic clotting pathway activation and systemic markers of metastasis, tumour load and coagulation</outcome-Measure>. Laboratory evidence supports an anti-cancer role for anticoagulants; however, this has failed to translate into survival benefit when trialled in patients with metastatic disease or poor prognosis cancers, such as lung cancer. Subgroup analysis supported a potential survival benefit in better prognosis advanced disease patients. This is the first study to investigate the anti-cancer effects of anticoagulants in early breast cancer. UK National Research Ethics Service (NRES) approval 15/NW/0406, MHRA Clinical Trials Authorisation 48380/0003/001-0001. The sponsor is Manchester University NHS Foundation Trust, and the trial is co-ordinated by Cancer Research UK Liverpool Cancer Trials Unit (LCTU). EudraCT 2014-004909-33 , registered 27 July 2015. ISRCTN14785273 . 